MMSI,BaseDateTi,LAT,LON,SOG,COG,Heading,VesselName,IMO,CallSign,VesselType,Status,Length,Width,Draft,Cargo,Transceive
636013689,2021-11-20 16:15:14,40.57483,-74.03272,15.4,349.9,349,YM UBERTY,IMO9337444,A8OR4,70,0,333.0,42.0,14.5,71,A
636013689,2021-11-20 16:16:15,40.57868,-74.0338,14.6,349.0,347,YM UBERTY,IMO9337444,A8OR4,70,0,333.0,42.0,14.5,71,A
636013689,2021-11-20 16:17:20,40.58248,-74.03505,13.4,344.5,345,YM UBERTY,IMO9337444,A8OR4,70,0,333.0,42.0,14.5,71,A
636013689,2021-11-20 16:18:26,40.58608,-74.0364,12.4,345.5,345,YM UBERTY,IMO9337444,A8OR4,70,0,333.0,42.0,14.5,71,A
636013689,2021-11-20 16:19:32,40.58957,-74.03766999999998,11.6,346.0,345,YM UBERTY,IMO9337444,A8OR4,70,0,333.0,42.0,14.5,71,A
636013689,2021-11-20 16:20:38,40.59263,-74.03877,10.9,346.1,345,YM UBERTY,IMO9337444,A8OR4,70,0,333.0,42.0,14.5,71,A
636013689,2021-11-20 16:21:44,40.59563,-74.03985,10.3,342.7,345,YM UBERTY,IMO9337444,A8OR4,70,0,333.0,42.0,14.5,71,A
636013689,2021-11-20 16:22:55,40.59873,-74.041,9.8,347.8,345,YM UBERTY,IMO9337444,A8OR4,70,0,333.0,42.0,14.5,71,A
636013689,2021-11-20 16:24:04,40.60155,-74.04203000000003,9.5,346.3,345,YM UBERTY,IMO9337444,A8OR4,70,0,333.0,42.0,14.5,71,A
636013689,2021-11-20 16:25:14,40.6044,-74.04308,9.1,349.1,345,YM UBERTY,IMO9337444,A8OR4,70,0,333.0,42.0,14.5,71,A
636013689,2021-11-20 16:26:24,40.60702,-74.04401999999997,8.6,348.9,345,YM UBERTY,IMO9337444,A8OR4,70,0,333.0,42.0,14.5,71,A
636013689,2021-11-20 16:27:35,40.60963,-74.04495,8.5,352.4,346,YM UBERTY,IMO9337444,A8OR4,70,0,333.0,42.0,14.5,71,A
636013689,2021-11-20 16:28:44,40.61207,-74.04573,8.2,348.5,345,YM UBERTY,IMO9337444,A8OR4,70,0,333.0,42.0,14.5,71,A
636013689,2021-11-20 16:29:55,40.61453,-74.04658,7.8,349.1,346,YM UBERTY,IMO9337444,A8OR4,70,0,333.0,42.0,14.5,71,A
636013689,2021-11-20 16:31:04,40.61685,-74.04748000000002,7.6,350.5,347,YM UBERTY,IMO9337444,A8OR4,70,0,333.0,42.0,14.5,71,A
636013689,2021-11-20 16:32:05,40.61882,-74.04818,7.5,352.2,350,YM UBERTY,IMO9337444,A8OR4,70,0,333.0,42.0,14.5,71,A
636013689,2021-11-20 16:33:15,40.62118,-74.04887,7.7,351.0,350,YM UBERTY,IMO9337444,A8OR4,70,0,333.0,42.0,14.5,71,A
636013689,2021-11-20 16:34:25,40.62377,-74.04965,8.4,347.9,349,YM UBERTY,IMO9337444,A8OR4,70,0,333.0,42.0,14.5,71,A
636013689,2021-11-20 16:35:33,40.62647,-74.05053000000002,9.0,346.7,349,YM UBERTY,IMO9337444,A8OR4,70,0,333.0,42.0,14.5,71,A
636013689,2021-11-20 16:36:44,40.62937,-74.05148,9.3,349.1,350,YM UBERTY,IMO9337444,A8OR4,70,0,333.0,42.0,14.5,71,A
636013689,2021-11-20 16:37:54,40.63217,-74.05238,9.0,349.7,350,YM UBERTY,IMO9337444,A8OR4,70,0,333.0,42.0,14.5,71,A
636013689,2021-11-20 16:39:05,40.63495,-74.05327,8.9,352.0,350,YM UBERTY,IMO9337444,A8OR4,70,0,333.0,42.0,14.5,71,A
636013689,2021-11-20 16:40:14,40.63752,-74.05398000000002,8.5,350.8,350,YM UBERTY,IMO9337444,A8OR4,70,0,333.0,42.0,14.5,71,A
636013689,2021-11-20 16:41:24,40.6401,-74.05465,8.2,345.1,346,YM UBERTY,IMO9337444,A8OR4,70,0,333.0,42.0,14.5,71,A
636013689,2021-11-20 16:42:34,40.64257,-74.05545,7.9,328.9,332,YM UBERTY,IMO9337444,A8OR4,70,0,333.0,42.0,14.5,71,A
636013689,2021-11-20 16:43:43,40.64468,-74.05698000000002,7.6,314.6,317,YM UBERTY,IMO9337444,A8OR4,70,0,333.0,42.0,14.5,71,A
636013689,2021-11-20 16:44:55,40.64633,-74.05927,7.5,295.7,301,YM UBERTY,IMO9337444,A8OR4,70,0,333.0,42.0,14.5,71,A
636013689,2021-11-20 16:46:05,40.64733,-74.06193,7.4,291.7,295,YM UBERTY,IMO9337444,A8OR4,70,0,333.0,42.0,14.5,71,A
636013689,2021-11-20 16:47:14,40.64805,-74.06466999999998,6.6,291.2,293,YM UBERTY,IMO9337444,A8OR4,70,0,333.0,42.0,14.5,71,A
636013689,2021-11-20 16:48:24,40.64877,-74.06753,6.5,290.1,290,YM UBERTY,IMO9337444,A8OR4,70,0,333.0,42.0,14.5,71,A
636013689,2021-11-20 16:49:34,40.64938,-74.07021999999998,7.1,279.5,284,YM UBERTY,IMO9337444,A8OR4,70,0,333.0,42.0,14.5,71,A
636013689,2021-11-20 16:50:43,40.64973,-74.07300000000001,6.4,284.0,284,YM UBERTY,IMO9337444,A8OR4,70,0,333.0,42.0,14.5,71,A
636013689,2021-11-20 16:51:54,40.6502,-74.07567,6.4,286.4,285,YM UBERTY,IMO9337444,A8OR4,70,0,333.0,42.0,14.5,71,A
636013689,2021-11-20 16:53:03,40.65075,-74.07825,6.2,275.8,276,YM UBERTY,IMO9337444,A8OR4,70,0,333.0,42.0,14.5,71,A
636013689,2021-11-20 16:54:15,40.65098,-74.0808,5.5,263.2,263,YM UBERTY,IMO9337444,A8OR4,70,0,333.0,42.0,14.5,71,A
636013689,2021-11-20 16:55:24,40.6508,-74.08315,5.4,253.8,256,YM UBERTY,IMO9337444,A8OR4,70,0,333.0,42.0,14.5,71,A
636013689,2021-11-20 16:56:34,40.65038,-74.0853,5.4,250.2,250,YM UBERTY,IMO9337444,A8OR4,70,0,333.0,42.0,14.5,71,A
636013689,2021-11-20 16:57:44,40.64977,-74.08775,5.9,246.8,245,YM UBERTY,IMO9337444,A8OR4,70,0,333.0,42.0,14.5,71,A
636013689,2021-11-20 16:58:54,40.64895,-74.0901,6.3,249.6,244,YM UBERTY,IMO9337444,A8OR4,70,0,333.0,42.0,14.5,71,A
636013689,2021-11-20 17:00:04,40.64797,-74.09253000000002,6.5,261.7,256,YM UBERTY,IMO9337444,A8OR4,70,0,333.0,42.0,14.5,71,A
636013689,2021-11-20 17:01:14,40.64742,-74.09496999999998,5.7,266.3,263,YM UBERTY,IMO9337444,A8OR4,70,0,333.0,42.0,14.5,71,A
636013689,2021-11-20 17:02:24,40.64707,-74.09732,5.4,277.3,272,YM UBERTY,IMO9337444,A8OR4,70,0,333.0,42.0,14.5,71,A
636013689,2021-11-20 17:03:34,40.64702,-74.09958,4.9,276.0,275,YM UBERTY,IMO9337444,A8OR4,70,0,333.0,42.0,14.5,71,A
636013689,2021-11-20 17:04:43,40.64713,-74.1019,5.6,282.9,276,YM UBERTY,IMO9337444,A8OR4,70,0,333.0,42.0,14.5,71,A
636013689,2021-11-20 17:05:53,40.64735,-74.10445,6.2,269.4,269,YM UBERTY,IMO9337444,A8OR4,70,0,333.0,42.0,14.5,71,A
636013689,2021-11-20 17:06:54,40.64733,-74.10682,6.2,267.4,266,YM UBERTY,IMO9337444,A8OR4,70,0,333.0,42.0,14.5,71,A
636013689,2021-11-20 17:07:55,40.64733,-74.10898,5.7,259.4,258,YM UBERTY,IMO9337444,A8OR4,70,0,333.0,42.0,14.5,71,A
636013689,2021-11-20 17:09:04,40.64705,-74.11128000000002,5.3,251.9,251,YM UBERTY,IMO9337444,A8OR4,70,0,333.0,42.0,14.5,71,A
636013689,2021-11-20 17:10:14,40.64657,-74.11333,5.0,249.9,248,YM UBERTY,IMO9337444,A8OR4,70,0,333.0,42.0,14.5,71,A
636013689,2021-11-20 17:11:24,40.64592,-74.11543,5.5,248.1,247,YM UBERTY,IMO9337444,A8OR4,70,0,333.0,42.0,14.5,71,A
636013689,2021-11-20 17:12:34,40.64512,-74.11777,6.0,250.5,249,YM UBERTY,IMO9337444,A8OR4,70,0,333.0,42.0,14.5,71,A
636013689,2021-11-20 17:13:44,40.64427,-74.12037,6.7,261.1,258,YM UBERTY,IMO9337444,A8OR4,70,0,333.0,42.0,14.5,71,A
636013689,2021-11-20 17:14:55,40.64373,-74.12337,7.0,267.4,264,YM UBERTY,IMO9337444,A8OR4,70,0,333.0,42.0,14.5,71,A
636013689,2021-11-20 17:16:05,40.64345,-74.12645,7.7,270.5,269,YM UBERTY,IMO9337444,A8OR4,70,0,333.0,42.0,14.5,71,A
636013689,2021-11-20 17:17:13,40.64343,-74.12953,7.5,267.4,269,YM UBERTY,IMO9337444,A8OR4,70,0,333.0,42.0,14.5,71,A
636013689,2021-11-20 17:18:24,40.6433,-74.13257,6.5,260.6,262,YM UBERTY,IMO9337444,A8OR4,70,0,333.0,42.0,14.5,71,A
636013689,2021-11-20 17:19:35,40.643,-74.1354,6.6,260.3,259,YM UBERTY,IMO9337444,A8OR4,70,0,333.0,42.0,14.5,71,A
636013689,2021-11-20 17:20:44,40.64263,-74.13786999999998,5.7,257.9,256,YM UBERTY,IMO9337444,A8OR4,70,0,333.0,42.0,14.5,71,A
636013689,2021-11-20 17:21:54,40.64222,-74.14,5.1,257.2,257,YM UBERTY,IMO9337444,A8OR4,70,0,333.0,42.0,14.5,71,A
636013689,2021-11-20 17:23:03,40.64177,-74.14193,4.3,276.3,267,YM UBERTY,IMO9337444,A8OR4,70,0,333.0,42.0,14.5,71,A
636013689,2021-11-20 17:24:13,40.64218,-74.14358,4.1,292.1,282,YM UBERTY,IMO9337444,A8OR4,70,0,333.0,42.0,14.5,71,A
636013689,2021-11-20 17:25:25,40.64245,-74.14506999999998,3.7,301.9,294,YM UBERTY,IMO9337444,A8OR4,70,0,333.0,42.0,14.5,71,A
636013689,2021-11-20 17:26:34,40.64288,-74.14658,3.5,314.6,307,YM UBERTY,IMO9337444,A8OR4,70,0,333.0,42.0,14.5,71,A
636013689,2021-11-20 17:27:44,40.64343,-74.1479,3.6,329.4,322,YM UBERTY,IMO9337444,A8OR4,70,0,333.0,42.0,14.5,71,A
636013689,2021-11-20 17:28:54,40.64417,-74.14898000000002,3.3,0.8,340,YM UBERTY,IMO9337444,A8OR4,70,0,333.0,42.0,14.5,71,A
636013689,2021-11-20 17:30:04,40.64527,-74.1498,4.0,11.2,0,YM UBERTY,IMO9337444,A8OR4,70,0,333.0,42.0,14.5,71,A
636013689,2021-11-20 17:31:14,40.64675,-74.14988000000002,4.9,21.0,15,YM UBERTY,IMO9337444,A8OR4,70,0,333.0,42.0,14.5,71,A
636013689,2021-11-20 17:32:24,40.64855,-74.14928,5.5,33.4,24,YM UBERTY,IMO9337444,A8OR4,70,0,333.0,42.0,14.5,71,A
636013689,2021-11-20 17:33:25,40.65017,-74.14832,6.2,28.4,25,YM UBERTY,IMO9337444,A8OR4,70,0,333.0,42.0,14.5,71,A
636013689,2021-11-20 17:34:34,40.65218,-74.1471,7.2,29.1,25,YM UBERTY,IMO9337444,A8OR4,70,0,333.0,42.0,14.5,71,A
636013689,2021-11-20 17:35:44,40.65375,-74.14596999999998,7.5,28.0,25,YM UBERTY,IMO9337444,A8OR4,70,0,333.0,42.0,14.5,71,A
636013689,2021-11-20 17:36:55,40.6558,-74.14468000000002,6.8,32.6,25,YM UBERTY,IMO9337444,A8OR4,70,0,333.0,42.0,14.5,71,A
636013689,2021-11-20 17:38:03,40.65777,-74.14347,6.6,30.2,25,YM UBERTY,IMO9337444,A8OR4,70,0,333.0,42.0,14.5,71,A
636013689,2021-11-20 17:39:14,40.6597,-74.14227,6.0,29.8,25,YM UBERTY,IMO9337444,A8OR4,70,0,333.0,42.0,14.5,71,A
636013689,2021-11-20 17:40:15,40.66133,-74.14125,6.1,27.8,25,YM UBERTY,IMO9337444,A8OR4,70,0,333.0,42.0,14.5,71,A
636013689,2021-11-20 17:41:24,40.66317,-74.14012,5.8,34.8,25,YM UBERTY,IMO9337444,A8OR4,70,0,333.0,42.0,14.5,71,A
636013689,2021-11-20 17:42:25,40.66468,-74.13918000000002,5.4,30.1,25,YM UBERTY,IMO9337444,A8OR4,70,0,333.0,42.0,14.5,71,A
636013689,2021-11-20 17:43:35,40.66627,-74.1382,4.5,27.6,24,YM UBERTY,IMO9337444,A8OR4,70,0,333.0,42.0,14.5,71,A
636013689,2021-11-20 17:44:43,40.66765,-74.13735,4.4,24.0,21,YM UBERTY,IMO9337444,A8OR4,70,0,333.0,42.0,14.5,71,A
636013689,2021-11-20 17:45:54,40.66892,-74.13662,4.0,16.0,16,YM UBERTY,IMO9337444,A8OR4,70,0,333.0,42.0,14.5,71,A
636013689,2021-11-20 17:47:04,40.67013,-74.13598,4.0,352.0,2,YM UBERTY,IMO9337444,A8OR4,70,0,333.0,42.0,14.5,71,A
636013689,2021-11-20 17:48:15,40.67142,-74.13583,4.0,342.2,348,YM UBERTY,IMO9337444,A8OR4,70,0,333.0,42.0,14.5,71,A
636013689,2021-11-20 17:49:23,40.67268,-74.13608,3.9,325.9,332,YM UBERTY,IMO9337444,A8OR4,70,0,333.0,42.0,14.5,71,A
636013689,2021-11-20 17:50:24,40.67372,-74.1367,4.0,317.9,321,YM UBERTY,IMO9337444,A8OR4,70,0,333.0,42.0,14.5,71,A
636013689,2021-11-20 17:51:33,40.67477,-74.13773,4.1,306.5,311,YM UBERTY,IMO9337444,A8OR4,70,0,333.0,42.0,14.5,71,A
636013689,2021-11-20 17:52:34,40.67552,-74.1388,3.8,308.1,308,YM UBERTY,IMO9337444,A8OR4,70,0,333.0,42.0,14.5,71,A
636013689,2021-11-20 17:53:45,40.6763,-74.14008000000003,3.6,309.9,308,YM UBERTY,IMO9337444,A8OR4,70,0,333.0,42.0,14.5,71,A
636013689,2021-11-20 17:54:54,40.67705,-74.14126999999998,3.7,309.8,308,YM UBERTY,IMO9337444,A8OR4,70,0,333.0,42.0,14.5,71,A
636013689,2021-11-20 17:56:04,40.67782,-74.14246999999997,3.6,310.4,307,YM UBERTY,IMO9337444,A8OR4,70,0,333.0,42.0,14.5,71,A
636013689,2021-11-20 17:57:14,40.67852,-74.14363,3.5,308.5,307,YM UBERTY,IMO9337444,A8OR4,70,0,333.0,42.0,14.5,71,A
636013689,2021-11-20 17:58:24,40.67915,-74.14477,3.1,309.5,308,YM UBERTY,IMO9337444,A8OR4,70,0,333.0,42.0,14.5,71,A
636013689,2021-11-20 17:59:34,40.6797,-74.14568,2.7,310.4,308,YM UBERTY,IMO9337444,A8OR4,70,0,333.0,42.0,14.5,71,A
636013689,2021-11-20 18:00:04,40.6799,-74.14602,2.6,310.8,309,YM UBERTY,IMO9337444,A8OR4,70,0,333.0,42.0,14.5,71,A
636013689,2021-11-20 18:01:14,40.68035,-74.14675,2.1,308.9,309,YM UBERTY,IMO9337444,A8OR4,70,0,333.0,42.0,14.5,71,A
636013689,2021-11-20 18:02:24,40.68078,-74.14742,2.1,308.6,309,YM UBERTY,IMO9337444,A8OR4,70,0,333.0,42.0,14.5,71,A
636013689,2021-11-20 18:03:35,40.68122,-74.14806999999998,2.0,310.9,308,YM UBERTY,IMO9337444,A8OR4,70,0,333.0,42.0,14.5,71,A
636013689,2021-11-20 18:04:43,40.6816,-74.14867,1.9,310.9,308,YM UBERTY,IMO9337444,A8OR4,70,0,333.0,42.0,14.5,71,A
636013689,2021-11-20 18:05:44,40.68193,-74.14918,1.7,311.5,308,YM UBERTY,IMO9337444,A8OR4,70,0,333.0,42.0,14.5,71,A
636013689,2021-11-20 18:06:55,40.6823,-74.14972,1.4,321.1,309,YM UBERTY,IMO9337444,A8OR4,70,0,333.0,42.0,14.5,71,A
636013689,2021-11-20 18:08:04,40.68258,-74.15013,1.1,320.8,311,YM UBERTY,IMO9337444,A8OR4,70,0,333.0,42.0,14.5,71,A
636013689,2021-11-20 18:09:15,40.68282,-74.15045,0.9,324.8,312,YM UBERTY,IMO9337444,A8OR4,70,0,333.0,42.0,14.5,71,A
636013689,2021-11-20 18:10:24,40.683,-74.1506,0.6,311.2,311,YM UBERTY,IMO9337444,A8OR4,70,0,333.0,42.0,14.5,71,A
636013689,2021-11-20 18:11:34,40.68308,-74.15057,0.0,309.2,309,YM UBERTY,IMO9337444,A8OR4,70,0,333.0,42.0,14.5,71,A
636013689,2021-11-20 18:12:44,40.68315,-74.15045,0.3,57.0,309,YM UBERTY,IMO9337444,A8OR4,70,0,333.0,42.0,14.5,71,A
636013689,2021-11-20 18:13:54,40.68323,-74.15035,0.4,38.7,309,YM UBERTY,IMO9337444,A8OR4,70,0,333.0,42.0,14.5,71,A
636013689,2021-11-20 18:15:05,40.68332,-74.15028000000002,0.2,38.4,308,YM UBERTY,IMO9337444,A8OR4,70,0,333.0,42.0,14.5,71,A
636013689,2021-11-20 18:16:13,40.68338,-74.15023000000002,0.2,38.2,308,YM UBERTY,IMO9337444,A8OR4,70,0,333.0,42.0,14.5,71,A
636013689,2021-11-20 18:17:25,40.68343,-74.1502,0.0,308.0,308,YM UBERTY,IMO9337444,A8OR4,70,5,333.0,42.0,14.5,71,A
636013689,2021-11-20 18:18:35,40.68343,-74.15018,0.0,308.0,308,YM UBERTY,IMO9337444,A8OR4,70,5,333.0,42.0,14.5,71,A
636013689,2021-11-20 18:19:43,40.68343,-74.1502,0.0,309.0,309,YM UBERTY,IMO9337444,A8OR4,70,5,333.0,42.0,14.5,71,A
636013689,2021-11-20 18:22:31,40.68343,-74.15013,0.0,309.0,309,YM UBERTY,IMO9337444,A8OR4,70,5,333.0,42.0,14.5,71,A
636013689,2021-11-20 18:25:31,40.68343,-74.15008,0.0,309.0,309,YM UBERTY,IMO9337444,A8OR4,70,5,333.0,42.0,14.5,71,A
636013689,2021-11-20 18:28:32,40.68343,-74.15008,0.0,309.0,309,YM UBERTY,IMO9337444,A8OR4,70,5,333.0,42.0,14.5,71,A
636013689,2021-11-20 18:31:31,40.68343,-74.15008,0.0,310.0,310,YM UBERTY,IMO9337444,A8OR4,70,5,333.0,42.0,14.5,71,A
636013689,2021-11-20 18:34:32,40.68343,-74.1501,0.0,310.0,310,YM UBERTY,IMO9337444,A8OR4,70,5,333.0,42.0,14.5,71,A
636013689,2021-11-20 18:37:31,40.68343,-74.1501,0.0,309.0,309,YM UBERTY,IMO9337444,A8OR4,70,5,333.0,42.0,14.5,71,A
636013689,2021-11-20 18:40:32,40.68343,-74.1501,0.0,309.0,309,YM UBERTY,IMO9337444,A8OR4,70,5,333.0,42.0,14.5,71,A
636013689,2021-11-20 18:43:30,40.68345,-74.1501,0.0,309.0,309,YM UBERTY,IMO9337444,A8OR4,70,5,333.0,42.0,14.5,71,A
636013689,2021-11-20 18:46:32,40.68345,-74.1501,0.0,309.0,309,YM UBERTY,IMO9337444,A8OR4,70,5,333.0,42.0,14.5,71,A
636013689,2021-11-20 18:49:32,40.68347,-74.1501,0.0,309.0,309,YM UBERTY,IMO9337444,A8OR4,70,5,333.0,42.0,14.5,71,A
636013689,2021-11-20 18:52:31,40.68345,-74.15008,0.0,309.0,309,YM UBERTY,IMO9337444,A8OR4,70,5,333.0,42.0,14.5,71,A
636013689,2021-11-20 18:55:31,40.68345,-74.15008,0.0,309.0,309,YM UBERTY,IMO9337444,A8OR4,70,5,333.0,42.0,14.5,71,A
636013689,2021-11-20 19:01:31,40.68345,-74.15008,0.0,309.0,309,YM UBERTY,IMO9337444,A8OR4,70,5,333.0,42.0,14.5,71,A
636013689,2021-11-20 19:04:30,40.68345,-74.15008,0.0,309.0,309,YM UBERTY,IMO9337444,A8OR4,70,5,333.0,42.0,14.5,71,A
636013689,2021-11-20 19:07:32,40.68343,-74.15008,0.0,310.0,310,YM UBERTY,IMO9337444,A8OR4,70,5,333.0,42.0,14.5,71,A
636013689,2021-11-20 19:10:31,40.68345,-74.15008,0.0,310.0,310,YM UBERTY,IMO9337444,A8OR4,70,5,333.0,42.0,14.5,71,A
636013689,2021-11-20 19:13:32,40.68345,-74.15008,0.0,310.0,310,YM UBERTY,IMO9337444,A8OR4,70,5,333.0,42.0,14.5,71,A
636013689,2021-11-20 19:16:32,40.68345,-74.1501,0.0,310.0,310,YM UBERTY,IMO9337444,A8OR4,70,5,333.0,42.0,14.5,71,A
636013689,2021-11-20 19:19:31,40.68345,-74.1501,0.0,310.0,310,YM UBERTY,IMO9337444,A8OR4,70,5,333.0,42.0,14.5,71,A
636013689,2021-11-20 19:22:32,40.68345,-74.1501,0.0,310.0,310,YM UBERTY,IMO9337444,A8OR4,70,5,333.0,42.0,14.5,71,A
636013689,2021-11-20 19:25:32,40.68345,-74.15008,0.0,310.0,310,YM UBERTY,IMO9337444,A8OR4,70,5,333.0,42.0,14.5,71,A
636013689,2021-11-20 19:28:30,40.68345,-74.15008,0.0,310.0,310,YM UBERTY,IMO9337444,A8OR4,70,5,333.0,42.0,14.5,71,A
636013689,2021-11-20 19:31:31,40.68345,-74.15008,0.0,310.0,310,YM UBERTY,IMO9337444,A8OR4,70,5,333.0,42.0,14.5,71,A
636013689,2021-11-20 19:34:32,40.68345,-74.15008,0.0,310.0,310,YM UBERTY,IMO9337444,A8OR4,70,5,333.0,42.0,14.5,71,A
636013689,2021-11-20 19:37:31,40.68343,-74.15008,0.0,310.0,310,YM UBERTY,IMO9337444,A8OR4,70,5,333.0,42.0,14.5,71,A
636013689,2021-11-20 19:40:32,40.68343,-74.15008,0.0,310.0,310,YM UBERTY,IMO9337444,A8OR4,70,5,333.0,42.0,14.5,71,A
636013689,2021-11-20 19:46:31,40.68343,-74.1501,0.0,310.0,310,YM UBERTY,IMO9337444,A8OR4,70,5,333.0,42.0,14.5,71,A
636013689,2021-11-20 19:49:30,40.68343,-74.1501,0.0,310.0,310,YM UBERTY,IMO9337444,A8OR4,70,5,333.0,42.0,14.5,71,A
636013689,2021-11-20 19:52:32,40.68343,-74.1501,0.0,310.0,310,YM UBERTY,IMO9337444,A8OR4,70,5,333.0,42.0,14.5,71,A
636013689,2021-11-20 19:55:30,40.68343,-74.15008,0.0,310.0,310,YM UBERTY,IMO9337444,A8OR4,70,5,333.0,42.0,14.5,71,A
636013689,2021-11-20 19:58:32,40.68343,-74.15008,0.0,310.0,310,YM UBERTY,IMO9337444,A8OR4,70,5,333.0,42.0,14.5,71,A
636013689,2021-11-20 20:01:32,40.68343,-74.15008,0.0,310.0,310,YM UBERTY,IMO9337444,A8OR4,70,5,333.0,42.0,14.5,71,A
636013689,2021-11-20 20:07:31,40.68343,-74.1501,0.0,309.0,309,YM UBERTY,IMO9337444,A8OR4,70,5,333.0,42.0,14.5,71,A
636013689,2021-11-20 20:10:31,40.68343,-74.1501,0.0,309.0,309,YM UBERTY,IMO9337444,A8OR4,70,5,333.0,42.0,14.5,71,A
636013689,2021-11-20 20:16:31,40.68343,-74.1501,0.0,309.0,309,YM UBERTY,IMO9337444,A8OR4,70,5,333.0,42.0,14.5,71,A
636013689,2021-11-20 20:19:30,40.68343,-74.1501,0.0,309.0,309,YM UBERTY,IMO9337444,A8OR4,70,5,333.0,42.0,14.5,71,A
636013689,2021-11-20 20:25:31,40.68342,-74.1501,0.0,309.0,309,YM UBERTY,IMO9337444,A8OR4,70,5,333.0,42.0,14.5,71,A
636013689,2021-11-20 20:28:31,40.68342,-74.15012,0.0,309.0,309,YM UBERTY,IMO9337444,A8OR4,70,5,333.0,42.0,14.5,71,A
636013689,2021-11-20 20:31:30,40.68342,-74.1501,0.0,309.0,309,YM UBERTY,IMO9337444,A8OR4,70,5,333.0,42.0,14.5,71,A
636013689,2021-11-20 20:34:31,40.68343,-74.15012,0.0,309.0,309,YM UBERTY,IMO9337444,A8OR4,70,5,333.0,42.0,14.5,71,A
636013689,2021-11-20 20:37:32,40.68343,-74.1501,0.0,310.0,310,YM UBERTY,IMO9337444,A8OR4,70,5,333.0,42.0,14.5,71,A
636013689,2021-11-20 20:40:31,40.68343,-74.15012,0.0,310.0,310,YM UBERTY,IMO9337444,A8OR4,70,5,333.0,42.0,14.5,71,A
636013689,2021-11-20 20:43:31,40.68343,-74.1501,0.0,310.0,310,YM UBERTY,IMO9337444,A8OR4,70,5,333.0,42.0,14.5,71,A
636013689,2021-11-20 20:46:31,40.68343,-74.1501,0.0,310.0,310,YM UBERTY,IMO9337444,A8OR4,70,5,333.0,42.0,14.5,71,A
636013689,2021-11-20 20:49:30,40.68343,-74.15012,0.0,309.0,309,YM UBERTY,IMO9337444,A8OR4,70,5,333.0,42.0,14.5,71,A
636013689,2021-11-20 20:52:31,40.68343,-74.15012,0.0,309.0,309,YM UBERTY,IMO9337444,A8OR4,70,5,333.0,42.0,14.5,71,A
636013689,2021-11-20 20:55:30,40.68342,-74.1501,0.0,309.0,309,YM UBERTY,IMO9337444,A8OR4,70,5,333.0,42.0,14.5,71,A
636013689,2021-11-20 20:58:31,40.68342,-74.15012,0.0,309.0,309,YM UBERTY,IMO9337444,A8OR4,70,5,333.0,42.0,14.5,71,A
636013689,2021-11-20 21:01:30,40.68342,-74.15008,0.0,309.0,309,YM UBERTY,IMO9337444,A8OR4,70,5,333.0,42.0,14.5,71,A
636013689,2021-11-20 21:04:31,40.68342,-74.15008,0.0,309.0,309,YM UBERTY,IMO9337444,A8OR4,70,5,333.0,42.0,14.5,71,A
636013689,2021-11-20 21:07:31,40.68343,-74.15012,0.0,310.0,310,YM UBERTY,IMO9337444,A8OR4,70,5,333.0,42.0,14.5,71,A
636013689,2021-11-20 21:10:31,40.68343,-74.15012,0.0,310.0,310,YM UBERTY,IMO9337444,A8OR4,70,5,333.0,42.0,14.5,71,A
636013689,2021-11-20 21:13:30,40.68343,-74.1501,0.0,310.0,310,YM UBERTY,IMO9337444,A8OR4,70,5,333.0,42.0,14.5,71,A
636013689,2021-11-20 21:16:32,40.68342,-74.15008,0.0,310.0,310,YM UBERTY,IMO9337444,A8OR4,70,5,333.0,42.0,14.5,71,A
636013689,2021-11-20 21:19:30,40.68343,-74.1501,0.0,310.0,310,YM UBERTY,IMO9337444,A8OR4,70,5,333.0,42.0,14.5,71,A
636013689,2021-11-20 21:22:32,40.68343,-74.15012,0.0,309.0,309,YM UBERTY,IMO9337444,A8OR4,70,5,333.0,42.0,14.5,71,A
636013689,2021-11-20 21:25:31,40.68343,-74.1501,0.0,309.0,309,YM UBERTY,IMO9337444,A8OR4,70,5,333.0,42.0,14.5,71,A
636013689,2021-11-20 21:28:30,40.68343,-74.15012,0.0,309.0,309,YM UBERTY,IMO9337444,A8OR4,70,5,333.0,42.0,14.5,71,A
636013689,2021-11-20 21:31:31,40.68343,-74.15012,0.0,310.0,310,YM UBERTY,IMO9337444,A8OR4,70,5,333.0,42.0,14.5,71,A
636013689,2021-11-20 21:34:30,40.68343,-74.1501,0.0,310.0,310,YM UBERTY,IMO9337444,A8OR4,70,5,333.0,42.0,14.5,71,A
636013689,2021-11-20 21:37:30,40.68343,-74.1501,0.0,310.0,310,YM UBERTY,IMO9337444,A8OR4,70,5,333.0,42.0,14.5,71,A
636013689,2021-11-20 21:40:30,40.68343,-74.1501,0.0,310.0,310,YM UBERTY,IMO9337444,A8OR4,70,5,333.0,42.0,14.5,71,A
636013689,2021-11-20 21:43:31,40.68343,-74.1501,0.0,310.0,310,YM UBERTY,IMO9337444,A8OR4,70,5,333.0,42.0,14.5,71,A
636013689,2021-11-20 21:46:32,40.68343,-74.1501,0.0,310.0,311,YM UBERTY,IMO9337444,A8OR4,70,5,333.0,42.0,14.5,71,A
636013689,2021-11-20 21:49:32,40.68343,-74.1501,0.0,310.0,311,YM UBERTY,IMO9337444,A8OR4,70,5,333.0,42.0,14.5,71,A
636013689,2021-11-20 21:52:31,40.68343,-74.1501,0.0,310.0,311,YM UBERTY,IMO9337444,A8OR4,70,5,333.0,42.0,14.5,71,A
636013689,2021-11-20 21:58:32,40.68343,-74.1501,0.0,310.0,310,YM UBERTY,IMO9337444,A8OR4,70,5,333.0,42.0,14.5,71,A
636013689,2021-11-20 22:01:32,40.68343,-74.1501,0.0,310.0,310,YM UBERTY,IMO9337444,A8OR4,70,5,333.0,42.0,14.5,71,A
636013689,2021-11-20 22:04:32,40.68343,-74.1501,0.0,310.0,310,YM UBERTY,IMO9337444,A8OR4,70,5,333.0,42.0,14.5,71,A
636013689,2021-11-20 22:07:31,40.68343,-74.1501,0.0,310.0,310,YM UBERTY,IMO9337444,A8OR4,70,5,333.0,42.0,14.5,71,A
636013689,2021-11-20 22:10:31,40.68343,-74.15012,0.0,310.0,310,YM UBERTY,IMO9337444,A8OR4,70,5,333.0,42.0,14.5,71,A
636013689,2021-11-20 22:13:30,40.68343,-74.1501,0.0,310.0,310,YM UBERTY,IMO9337444,A8OR4,70,5,333.0,42.0,14.5,71,A
636013689,2021-11-20 22:16:32,40.68343,-74.1501,0.0,310.0,310,YM UBERTY,IMO9337444,A8OR4,70,5,333.0,42.0,14.5,71,A
636013689,2021-11-20 22:19:31,40.68343,-74.1501,0.0,310.0,310,YM UBERTY,IMO9337444,A8OR4,70,5,333.0,42.0,14.5,71,A
636013689,2021-11-20 22:22:32,40.68343,-74.1501,0.0,309.0,309,YM UBERTY,IMO9337444,A8OR4,70,5,333.0,42.0,14.5,71,A
636013689,2021-11-20 22:25:32,40.68343,-74.15012,0.0,309.0,309,YM UBERTY,IMO9337444,A8OR4,70,5,333.0,42.0,14.5,71,A
636013689,2021-11-20 22:28:31,40.68342,-74.15012,0.0,309.0,309,YM UBERTY,IMO9337444,A8OR4,70,5,333.0,42.0,14.5,71,A
636013689,2021-11-20 22:31:31,40.68343,-74.15012,0.0,309.0,309,YM UBERTY,IMO9337444,A8OR4,70,5,333.0,42.0,14.5,71,A
636013689,2021-11-20 22:34:31,40.68343,-74.15012,0.0,308.0,308,YM UBERTY,IMO9337444,A8OR4,70,5,333.0,42.0,14.5,71,A
636013689,2021-11-20 22:37:31,40.68343,-74.1501,0.0,308.0,308,YM UBERTY,IMO9337444,A8OR4,70,5,333.0,42.0,14.5,71,A
636013689,2021-11-20 22:40:31,40.68343,-74.15012,0.0,308.0,308,YM UBERTY,IMO9337444,A8OR4,70,5,333.0,42.0,14.5,71,A
636013689,2021-11-20 22:43:30,40.68343,-74.15012,0.0,308.0,308,YM UBERTY,IMO9337444,A8OR4,70,5,333.0,42.0,14.5,71,A
636013689,2021-11-20 22:46:31,40.68343,-74.15012,0.0,308.0,308,YM UBERTY,IMO9337444,A8OR4,70,5,333.0,42.0,14.5,71,A
636013689,2021-11-20 22:49:32,40.68343,-74.15012,0.0,308.0,308,YM UBERTY,IMO9337444,A8OR4,70,5,333.0,42.0,14.5,71,A
636013689,2021-11-20 22:52:32,40.68342,-74.15012,0.0,308.0,308,YM UBERTY,IMO9337444,A8OR4,70,5,333.0,42.0,14.5,71,A
636013689,2021-11-20 22:55:30,40.68342,-74.15012,0.0,308.0,309,YM UBERTY,IMO9337444,A8OR4,70,5,333.0,42.0,14.5,71,A
636013689,2021-11-20 22:58:31,40.68342,-74.15012,0.0,309.0,309,YM UBERTY,IMO9337444,A8OR4,70,5,333.0,42.0,14.5,71,A
636013689,2021-11-20 23:01:30,40.68343,-74.1501,0.0,309.0,309,YM UBERTY,IMO9337444,A8OR4,70,5,333.0,42.0,14.5,71,A
636013689,2021-11-20 23:04:32,40.68343,-74.1501,0.0,309.0,309,YM UBERTY,IMO9337444,A8OR4,70,5,333.0,42.0,14.5,71,A
636013689,2021-11-20 23:07:31,40.68343,-74.15012,0.0,310.0,310,YM UBERTY,IMO9337444,A8OR4,70,5,333.0,42.0,14.5,71,A
636013689,2021-11-20 23:13:31,40.68343,-74.1501,0.0,310.0,310,YM UBERTY,IMO9337444,A8OR4,70,5,333.0,42.0,14.5,71,A
636013689,2021-11-20 23:16:31,40.68343,-74.1501,0.0,310.0,310,YM UBERTY,IMO9337444,A8OR4,70,5,333.0,42.0,14.5,71,A
636013689,2021-11-20 23:19:30,40.68343,-74.1501,0.0,310.0,310,YM UBERTY,IMO9337444,A8OR4,70,5,333.0,42.0,14.5,71,A
636013689,2021-11-20 23:22:31,40.68343,-74.1501,0.0,310.0,310,YM UBERTY,IMO9337444,A8OR4,70,5,333.0,42.0,14.5,71,A
636013689,2021-11-20 23:25:32,40.68342,-74.1501,0.0,310.0,310,YM UBERTY,IMO9337444,A8OR4,70,5,333.0,42.0,14.5,71,A
636013689,2021-11-20 23:28:31,40.68342,-74.15012,0.0,310.0,310,YM UBERTY,IMO9337444,A8OR4,70,5,333.0,42.0,14.5,71,A
636013689,2021-11-20 23:31:30,40.68342,-74.15012,0.0,310.0,310,YM UBERTY,IMO9337444,A8OR4,70,5,333.0,42.0,14.5,71,A
636013689,2021-11-20 23:37:30,40.68342,-74.15012,0.0,309.0,309,YM UBERTY,IMO9337444,A8OR4,70,5,333.0,42.0,14.5,71,A
636013689,2021-11-20 23:40:31,40.68342,-74.15013,0.0,309.0,309,YM UBERTY,IMO9337444,A8OR4,70,5,333.0,42.0,14.5,71,A
636013689,2021-11-20 23:43:32,40.68342,-74.15012,0.0,309.0,309,YM UBERTY,IMO9337444,A8OR4,70,5,333.0,42.0,14.5,71,A
636013689,2021-11-20 23:46:30,40.68342,-74.15012,0.0,309.0,309,YM UBERTY,IMO9337444,A8OR4,70,5,333.0,42.0,14.5,71,A
636013689,2021-11-20 23:49:31,40.68342,-74.15013,0.0,309.0,309,YM UBERTY,IMO9337444,A8OR4,70,5,333.0,42.0,14.5,71,A
636013689,2021-11-20 23:52:32,40.68342,-74.15012,0.0,309.0,309,YM UBERTY,IMO9337444,A8OR4,70,5,333.0,42.0,14.5,71,A
636013689,2021-11-20 23:55:31,40.68342,-74.15012,0.0,309.0,309,YM UBERTY,IMO9337444,A8OR4,70,5,333.0,42.0,14.5,71,A
636013689,2021-11-20 23:58:32,40.68342,-74.1501,0.0,309.0,309,YM UBERTY,IMO9337444,A8OR4,70,5,333.0,42.0,14.5,71,A
636013689,2021-11-21 00:01:32,40.68342,-74.15008,0.0,309.0,309,YM UBERTY,IMO9337444,A8OR4,70,5,333.0,42.0,14.5,71,A
636013689,2021-11-21 00:04:32,40.68342,-74.15008,0.0,309.0,309,YM UBERTY,IMO9337444,A8OR4,70,5,333.0,42.0,14.5,71,A
636013689,2021-11-21 00:07:31,40.68343,-74.15012,0.0,309.0,309,YM UBERTY,IMO9337444,A8OR4,70,5,333.0,42.0,14.5,71,A
636013689,2021-11-21 00:10:32,40.68342,-74.15008,0.0,310.0,310,YM UBERTY,IMO9337444,A8OR4,70,5,333.0,42.0,14.5,71,A
636013689,2021-11-21 00:13:31,40.68342,-74.15008,0.0,310.0,310,YM UBERTY,IMO9337444,A8OR4,70,5,333.0,42.0,14.5,71,A
636013689,2021-11-21 00:19:32,40.68343,-74.15008,0.0,310.0,310,YM UBERTY,IMO9337444,A8OR4,70,5,333.0,42.0,14.5,71,A
636013689,2021-11-21 00:22:32,40.68343,-74.1501,0.0,310.0,310,YM UBERTY,IMO9337444,A8OR4,70,5,333.0,42.0,14.5,71,A
636013689,2021-11-21 00:25:32,40.68343,-74.15008,0.0,310.0,311,YM UBERTY,IMO9337444,A8OR4,70,5,333.0,42.0,14.5,71,A
636013689,2021-11-21 00:28:32,40.68343,-74.1501,0.0,311.0,311,YM UBERTY,IMO9337444,A8OR4,70,5,333.0,42.0,14.5,71,A
636013689,2021-11-21 00:31:32,40.68343,-74.1501,0.0,311.0,311,YM UBERTY,IMO9337444,A8OR4,70,5,333.0,42.0,14.5,71,A
636013689,2021-11-21 00:34:31,40.68343,-74.1501,0.0,311.0,311,YM UBERTY,IMO9337444,A8OR4,70,5,333.0,42.0,14.5,71,A
636013689,2021-11-21 00:37:31,40.68343,-74.1501,0.0,310.0,311,YM UBERTY,IMO9337444,A8OR4,70,5,333.0,42.0,14.5,71,A
636013689,2021-11-21 00:40:30,40.68343,-74.1501,0.0,310.0,310,YM UBERTY,IMO9337444,A8OR4,70,5,333.0,42.0,14.5,71,A
636013689,2021-11-21 00:43:32,40.68343,-74.1501,0.0,310.0,310,YM UBERTY,IMO9337444,A8OR4,70,5,333.0,42.0,14.5,71,A
636013689,2021-11-21 00:46:31,40.68343,-74.1501,0.0,310.0,310,YM UBERTY,IMO9337444,A8OR4,70,5,333.0,42.0,14.5,71,A
636013689,2021-11-21 00:52:32,40.68342,-74.1501,0.0,310.0,310,YM UBERTY,IMO9337444,A8OR4,70,5,333.0,42.0,14.5,71,A
636013689,2021-11-21 00:55:30,40.68342,-74.15008,0.0,310.0,310,YM UBERTY,IMO9337444,A8OR4,70,5,333.0,42.0,14.5,71,A
636013689,2021-11-21 00:58:32,40.68342,-74.15008,0.0,310.0,310,YM UBERTY,IMO9337444,A8OR4,70,5,333.0,42.0,14.5,71,A
636013689,2021-11-21 01:01:32,40.68342,-74.15008,0.0,310.0,310,YM UBERTY,IMO9337444,A8OR4,70,5,333.0,42.0,14.5,71,A
636013689,2021-11-21 01:04:32,40.68342,-74.15008,0.0,310.0,310,YM UBERTY,IMO9337444,A8OR4,70,5,333.0,42.0,14.5,71,A
636013689,2021-11-21 01:07:32,40.68342,-74.15008,0.0,310.0,310,YM UBERTY,IMO9337444,A8OR4,70,5,333.0,42.0,14.5,71,A
636013689,2021-11-21 01:13:32,40.68342,-74.15008,0.0,309.0,309,YM UBERTY,IMO9337444,A8OR4,70,5,333.0,42.0,14.5,71,A
636013689,2021-11-21 01:16:31,40.68342,-74.1501,0.0,309.0,309,YM UBERTY,IMO9337444,A8OR4,70,5,333.0,42.0,14.5,71,A
636013689,2021-11-21 01:19:31,40.68343,-74.15008,0.0,309.0,309,YM UBERTY,IMO9337444,A8OR4,70,5,333.0,42.0,14.5,71,A
636013689,2021-11-21 01:22:30,40.68343,-74.1501,0.0,309.0,309,YM UBERTY,IMO9337444,A8OR4,70,5,333.0,42.0,14.5,71,A
636013689,2021-11-21 01:28:31,40.68343,-74.15008,0.0,309.0,309,YM UBERTY,IMO9337444,A8OR4,70,5,333.0,42.0,14.5,71,A
636013689,2021-11-21 01:31:32,40.68343,-74.15008,0.0,309.0,309,YM UBERTY,IMO9337444,A8OR4,70,5,333.0,42.0,14.5,71,A
636013689,2021-11-21 01:34:32,40.68343,-74.15008,0.0,309.0,309,YM UBERTY,IMO9337444,A8OR4,70,5,333.0,42.0,14.5,71,A
636013689,2021-11-21 01:37:32,40.68343,-74.1501,0.0,309.0,309,YM UBERTY,IMO9337444,A8OR4,70,5,333.0,42.0,14.5,71,A
636013689,2021-11-21 01:40:31,40.68343,-74.1501,0.0,309.0,309,YM UBERTY,IMO9337444,A8OR4,70,5,333.0,42.0,14.5,71,A
636013689,2021-11-21 01:43:30,40.68343,-74.1501,0.0,309.0,309,YM UBERTY,IMO9337444,A8OR4,70,5,333.0,42.0,14.5,71,A
636013689,2021-11-21 01:46:32,40.68343,-74.1501,0.0,309.0,309,YM UBERTY,IMO9337444,A8OR4,70,5,333.0,42.0,14.5,71,A
636013689,2021-11-21 01:49:32,40.68343,-74.1501,0.0,309.0,309,YM UBERTY,IMO9337444,A8OR4,70,5,333.0,42.0,14.5,71,A
636013689,2021-11-21 01:52:32,40.68343,-74.1501,0.0,309.0,309,YM UBERTY,IMO9337444,A8OR4,70,5,333.0,42.0,14.5,71,A
636013689,2021-11-21 01:55:31,40.68343,-74.1501,0.0,309.0,309,YM UBERTY,IMO9337444,A8OR4,70,5,333.0,42.0,14.5,71,A
636013689,2021-11-21 01:58:32,40.68343,-74.1501,0.0,309.0,309,YM UBERTY,IMO9337444,A8OR4,70,5,333.0,42.0,14.5,71,A
636013689,2021-11-21 02:04:32,40.68343,-74.1501,0.0,309.0,309,YM UBERTY,IMO9337444,A8OR4,70,5,333.0,42.0,14.5,71,A
636013689,2021-11-21 02:07:31,40.68343,-74.1501,0.0,309.0,309,YM UBERTY,IMO9337444,A8OR4,70,5,333.0,42.0,14.5,71,A
636013689,2021-11-21 02:10:30,40.68343,-74.1501,0.0,309.0,309,YM UBERTY,IMO9337444,A8OR4,70,5,333.0,42.0,14.5,71,A
636013689,2021-11-21 02:13:30,40.68342,-74.1501,0.0,309.0,309,YM UBERTY,IMO9337444,A8OR4,70,5,333.0,42.0,14.5,71,A
636013689,2021-11-21 02:16:31,40.68343,-74.1501,0.0,309.0,309,YM UBERTY,IMO9337444,A8OR4,70,5,333.0,42.0,14.5,71,A
636013689,2021-11-21 02:19:31,40.68343,-74.1501,0.0,309.0,309,YM UBERTY,IMO9337444,A8OR4,70,5,333.0,42.0,14.5,71,A
636013689,2021-11-21 02:25:31,40.68343,-74.1501,0.0,309.0,309,YM UBERTY,IMO9337444,A8OR4,70,5,333.0,42.0,14.5,71,A
636013689,2021-11-21 02:28:31,40.68342,-74.1501,0.0,309.0,309,YM UBERTY,IMO9337444,A8OR4,70,5,333.0,42.0,14.5,71,A
636013689,2021-11-21 02:34:32,40.68342,-74.1501,0.0,309.0,309,YM UBERTY,IMO9337444,A8OR4,70,5,333.0,42.0,14.5,71,A
636013689,2021-11-21 02:37:31,40.68342,-74.1501,0.0,309.0,309,YM UBERTY,IMO9337444,A8OR4,70,5,333.0,42.0,14.5,71,A
636013689,2021-11-21 02:40:32,40.68342,-74.1501,0.0,309.0,309,YM UBERTY,IMO9337444,A8OR4,70,5,333.0,42.0,14.5,71,A
636013689,2021-11-21 02:43:32,40.68342,-74.1501,0.0,310.0,310,YM UBERTY,IMO9337444,A8OR4,70,5,333.0,42.0,14.5,71,A
636013689,2021-11-21 02:46:32,40.68342,-74.1501,0.0,310.0,310,YM UBERTY,IMO9337444,A8OR4,70,5,333.0,42.0,14.5,71,A
636013689,2021-11-21 02:49:31,40.68342,-74.1501,0.0,310.0,310,YM UBERTY,IMO9337444,A8OR4,70,5,333.0,42.0,14.5,71,A
636013689,2021-11-21 02:52:31,40.68342,-74.1501,0.0,310.0,310,YM UBERTY,IMO9337444,A8OR4,70,5,333.0,42.0,14.5,71,A
636013689,2021-11-21 02:55:31,40.68342,-74.1501,0.0,309.0,309,YM UBERTY,IMO9337444,A8OR4,70,5,333.0,42.0,14.5,71,A
636013689,2021-11-21 02:58:30,40.68342,-74.15012,0.0,309.0,309,YM UBERTY,IMO9337444,A8OR4,70,5,333.0,42.0,14.5,71,A
636013689,2021-11-21 03:01:32,40.68342,-74.15013,0.0,309.0,309,YM UBERTY,IMO9337444,A8OR4,70,5,333.0,42.0,14.5,71,A
636013689,2021-11-21 03:10:31,40.68343,-74.15012,0.0,309.0,309,YM UBERTY,IMO9337444,A8OR4,70,5,333.0,42.0,14.5,71,A
636013689,2021-11-21 03:13:30,40.68343,-74.15012,0.0,309.0,309,YM UBERTY,IMO9337444,A8OR4,70,5,333.0,42.0,14.5,71,A
636013689,2021-11-21 03:16:32,40.68343,-74.15012,0.0,309.0,309,YM UBERTY,IMO9337444,A8OR4,70,5,333.0,42.0,14.5,71,A
636013689,2021-11-21 03:19:31,40.68343,-74.15012,0.0,309.0,309,YM UBERTY,IMO9337444,A8OR4,70,5,333.0,42.0,14.5,71,A
636013689,2021-11-21 03:22:30,40.68343,-74.15012,0.0,309.0,309,YM UBERTY,IMO9337444,A8OR4,70,5,333.0,42.0,14.5,71,A
636013689,2021-11-21 03:25:31,40.68343,-74.1501,0.0,309.0,309,YM UBERTY,IMO9337444,A8OR4,70,5,333.0,42.0,14.5,71,A
636013689,2021-11-21 03:28:31,40.68343,-74.1501,0.0,309.0,309,YM UBERTY,IMO9337444,A8OR4,70,5,333.0,42.0,14.5,71,A
636013689,2021-11-21 03:31:31,40.68343,-74.1501,0.0,309.0,309,YM UBERTY,IMO9337444,A8OR4,70,5,333.0,42.0,14.5,71,A
636013689,2021-11-21 03:34:31,40.68343,-74.1501,0.0,309.0,309,YM UBERTY,IMO9337444,A8OR4,70,5,333.0,42.0,14.5,71,A
636013689,2021-11-21 03:37:31,40.68343,-74.1501,0.0,310.0,310,YM UBERTY,IMO9337444,A8OR4,70,5,333.0,42.0,14.5,71,A
636013689,2021-11-21 03:40:31,40.68343,-74.1501,0.0,310.0,310,YM UBERTY,IMO9337444,A8OR4,70,5,333.0,42.0,14.5,71,A
636013689,2021-11-21 03:43:31,40.68343,-74.1501,0.0,310.0,310,YM UBERTY,IMO9337444,A8OR4,70,5,333.0,42.0,14.5,71,A
636013689,2021-11-21 03:46:32,40.68343,-74.1501,0.0,310.0,310,YM UBERTY,IMO9337444,A8OR4,70,5,333.0,42.0,14.5,71,A
636013689,2021-11-21 03:49:30,40.68343,-74.1501,0.0,310.0,310,YM UBERTY,IMO9337444,A8OR4,70,5,333.0,42.0,14.5,71,A
636013689,2021-11-21 03:52:31,40.68343,-74.1501,0.0,310.0,310,YM UBERTY,IMO9337444,A8OR4,70,5,333.0,42.0,14.5,71,A
636013689,2021-11-21 03:55:30,40.68343,-74.1501,0.0,310.0,310,YM UBERTY,IMO9337444,A8OR4,70,5,333.0,42.0,14.5,71,A
636013689,2021-11-21 03:58:30,40.68343,-74.1501,0.0,310.0,310,YM UBERTY,IMO9337444,A8OR4,70,5,333.0,42.0,14.5,71,A
636013689,2021-11-21 04:01:31,40.68343,-74.1501,0.0,310.0,310,YM UBERTY,IMO9337444,A8OR4,70,5,333.0,42.0,14.5,71,A
636013689,2021-11-21 04:04:30,40.68343,-74.1501,0.0,310.0,310,YM UBERTY,IMO9337444,A8OR4,70,5,333.0,42.0,14.5,71,A
636013689,2021-11-21 04:07:31,40.68345,-74.1501,0.0,310.0,310,YM UBERTY,IMO9337444,A8OR4,70,5,333.0,42.0,14.5,71,A
636013689,2021-11-21 04:10:31,40.68343,-74.1501,0.0,310.0,310,YM UBERTY,IMO9337444,A8OR4,70,5,333.0,42.0,14.5,71,A
636013689,2021-11-21 04:13:30,40.68345,-74.1501,0.0,310.0,310,YM UBERTY,IMO9337444,A8OR4,70,5,333.0,42.0,14.5,71,A
636013689,2021-11-21 04:16:30,40.68345,-74.1501,0.0,310.0,310,YM UBERTY,IMO9337444,A8OR4,70,5,333.0,42.0,14.5,71,A
636013689,2021-11-21 04:19:32,40.68343,-74.1501,0.0,310.0,310,YM UBERTY,IMO9337444,A8OR4,70,5,333.0,42.0,14.5,71,A
636013689,2021-11-21 04:22:30,40.68343,-74.15008,0.0,310.0,310,YM UBERTY,IMO9337444,A8OR4,70,5,333.0,42.0,14.5,71,A
636013689,2021-11-21 04:25:31,40.68345,-74.1501,0.0,310.0,310,YM UBERTY,IMO9337444,A8OR4,70,5,333.0,42.0,14.5,71,A
636013689,2021-11-21 04:28:31,40.68343,-74.15008,0.0,310.0,310,YM UBERTY,IMO9337444,A8OR4,70,5,333.0,42.0,14.5,71,A
636013689,2021-11-21 04:31:32,40.68343,-74.15008,0.0,310.0,310,YM UBERTY,IMO9337444,A8OR4,70,5,333.0,42.0,14.5,71,A
636013689,2021-11-21 04:34:32,40.68343,-74.15008,0.0,310.0,310,YM UBERTY,IMO9337444,A8OR4,70,5,333.0,42.0,14.5,71,A
636013689,2021-11-21 04:37:31,40.68343,-74.1501,0.0,310.0,310,YM UBERTY,IMO9337444,A8OR4,70,5,333.0,42.0,14.5,71,A
636013689,2021-11-21 04:40:31,40.68343,-74.15008,0.0,309.0,309,YM UBERTY,IMO9337444,A8OR4,70,5,333.0,42.0,14.5,71,A
636013689,2021-11-21 04:43:31,40.68343,-74.1501,0.0,309.0,309,YM UBERTY,IMO9337444,A8OR4,70,5,333.0,42.0,14.5,71,A
636013689,2021-11-21 04:46:31,40.68343,-74.1501,0.0,309.0,309,YM UBERTY,IMO9337444,A8OR4,70,5,333.0,42.0,14.5,71,A
636013689,2021-11-21 04:49:30,40.68343,-74.1501,0.0,309.0,309,YM UBERTY,IMO9337444,A8OR4,70,5,333.0,42.0,14.5,71,A
636013689,2021-11-21 04:52:31,40.68343,-74.1501,0.0,309.0,309,YM UBERTY,IMO9337444,A8OR4,70,5,333.0,42.0,14.5,71,A
636013689,2021-11-21 04:55:30,40.68343,-74.1501,0.0,309.0,309,YM UBERTY,IMO9337444,A8OR4,70,5,333.0,42.0,14.5,71,A
636013689,2021-11-21 04:58:32,40.68343,-74.15012,0.0,309.0,309,YM UBERTY,IMO9337444,A8OR4,70,5,333.0,42.0,14.5,71,A
636013689,2021-11-21 05:01:31,40.68343,-74.15012,0.0,309.0,309,YM UBERTY,IMO9337444,A8OR4,70,5,333.0,42.0,14.5,71,A
636013689,2021-11-21 05:04:31,40.68343,-74.1501,0.0,309.0,309,YM UBERTY,IMO9337444,A8OR4,70,5,333.0,42.0,14.5,71,A
636013689,2021-11-21 05:07:31,40.68343,-74.1501,0.0,309.0,309,YM UBERTY,IMO9337444,A8OR4,70,5,333.0,42.0,14.5,71,A
636013689,2021-11-21 05:10:31,40.68343,-74.1501,0.0,309.0,309,YM UBERTY,IMO9337444,A8OR4,70,5,333.0,42.0,14.5,71,A
636013689,2021-11-21 05:13:32,40.68343,-74.1501,0.0,309.0,309,YM UBERTY,IMO9337444,A8OR4,70,5,333.0,42.0,14.5,71,A
636013689,2021-11-21 05:16:30,40.68343,-74.1501,0.0,309.0,309,YM UBERTY,IMO9337444,A8OR4,70,5,333.0,42.0,14.5,71,A
636013689,2021-11-21 05:19:32,40.68343,-74.1501,0.0,309.0,309,YM UBERTY,IMO9337444,A8OR4,70,5,333.0,42.0,14.5,71,A
636013689,2021-11-21 05:22:31,40.68343,-74.1501,0.0,309.0,309,YM UBERTY,IMO9337444,A8OR4,70,5,333.0,42.0,14.5,71,A
636013689,2021-11-21 05:25:31,40.68343,-74.1501,0.0,309.0,309,YM UBERTY,IMO9337444,A8OR4,70,5,333.0,42.0,14.5,71,A
636013689,2021-11-21 05:28:31,40.68343,-74.1501,0.0,309.0,309,YM UBERTY,IMO9337444,A8OR4,70,5,333.0,42.0,14.5,71,A
636013689,2021-11-21 05:31:31,40.68343,-74.1501,0.0,309.0,309,YM UBERTY,IMO9337444,A8OR4,70,5,333.0,42.0,14.5,71,A
636013689,2021-11-21 05:34:31,40.68342,-74.1501,0.0,309.0,309,YM UBERTY,IMO9337444,A8OR4,70,5,333.0,42.0,14.5,71,A
636013689,2021-11-21 05:37:31,40.68342,-74.1501,0.0,309.0,309,YM UBERTY,IMO9337444,A8OR4,70,5,333.0,42.0,14.5,71,A
636013689,2021-11-21 05:40:31,40.68342,-74.1501,0.0,309.0,309,YM UBERTY,IMO9337444,A8OR4,70,5,333.0,42.0,14.5,71,A
636013689,2021-11-21 05:43:31,40.68342,-74.1501,0.0,309.0,309,YM UBERTY,IMO9337444,A8OR4,70,5,333.0,42.0,14.5,71,A
636013689,2021-11-21 05:46:32,40.68342,-74.1501,0.0,309.0,309,YM UBERTY,IMO9337444,A8OR4,70,5,333.0,42.0,14.5,71,A
636013689,2021-11-21 05:49:31,40.68342,-74.1501,0.0,309.0,309,YM UBERTY,IMO9337444,A8OR4,70,5,333.0,42.0,14.5,71,A
636013689,2021-11-21 05:52:31,40.68342,-74.1501,0.0,309.0,309,YM UBERTY,IMO9337444,A8OR4,70,5,333.0,42.0,14.5,71,A
636013689,2021-11-21 05:55:32,40.68342,-74.1501,0.0,309.0,309,YM UBERTY,IMO9337444,A8OR4,70,5,333.0,42.0,14.5,71,A
636013689,2021-11-21 05:58:31,40.68342,-74.1501,0.0,310.0,310,YM UBERTY,IMO9337444,A8OR4,70,5,333.0,42.0,14.5,71,A
636013689,2021-11-21 06:01:31,40.68342,-74.1501,0.0,310.0,310,YM UBERTY,IMO9337444,A8OR4,70,5,333.0,42.0,14.5,71,A
636013689,2021-11-21 06:04:32,40.68342,-74.1501,0.0,310.0,310,YM UBERTY,IMO9337444,A8OR4,70,5,333.0,42.0,14.5,71,A
636013689,2021-11-21 06:07:31,40.68342,-74.1501,0.0,310.0,310,YM UBERTY,IMO9337444,A8OR4,70,5,333.0,42.0,14.5,71,A
636013689,2021-11-21 06:10:31,40.68342,-74.1501,0.0,309.0,309,YM UBERTY,IMO9337444,A8OR4,70,5,333.0,42.0,14.5,71,A
636013689,2021-11-21 06:13:31,40.68342,-74.1501,0.0,310.0,310,YM UBERTY,IMO9337444,A8OR4,70,5,333.0,42.0,14.5,71,A
636013689,2021-11-21 06:16:32,40.68343,-74.15012,0.0,310.0,310,YM UBERTY,IMO9337444,A8OR4,70,5,333.0,42.0,14.5,71,A
636013689,2021-11-21 06:19:32,40.68342,-74.15012,0.0,309.0,309,YM UBERTY,IMO9337444,A8OR4,70,5,333.0,42.0,14.5,71,A
636013689,2021-11-21 06:22:30,40.68342,-74.1501,0.0,309.0,309,YM UBERTY,IMO9337444,A8OR4,70,5,333.0,42.0,14.5,71,A
636013689,2021-11-21 06:25:31,40.68343,-74.15012,0.0,309.0,309,YM UBERTY,IMO9337444,A8OR4,70,5,333.0,42.0,14.5,71,A
636013689,2021-11-21 06:28:32,40.68342,-74.1501,0.0,309.0,309,YM UBERTY,IMO9337444,A8OR4,70,5,333.0,42.0,14.5,71,A
636013689,2021-11-21 06:31:32,40.68342,-74.15012,0.0,309.0,309,YM UBERTY,IMO9337444,A8OR4,70,5,333.0,42.0,14.5,71,A
636013689,2021-11-21 06:34:31,40.68342,-74.15012,0.0,309.0,309,YM UBERTY,IMO9337444,A8OR4,70,5,333.0,42.0,14.5,71,A
636013689,2021-11-21 06:37:32,40.68342,-74.15012,0.0,309.0,309,YM UBERTY,IMO9337444,A8OR4,70,5,333.0,42.0,14.5,71,A
636013689,2021-11-21 06:40:32,40.68342,-74.15012,0.0,309.0,309,YM UBERTY,IMO9337444,A8OR4,70,5,333.0,42.0,14.5,71,A
636013689,2021-11-21 06:46:31,40.68343,-74.1501,0.0,310.0,310,YM UBERTY,IMO9337444,A8OR4,70,5,333.0,42.0,14.5,71,A
636013689,2021-11-21 06:49:32,40.68343,-74.1501,0.0,310.0,310,YM UBERTY,IMO9337444,A8OR4,70,5,333.0,42.0,14.5,71,A
636013689,2021-11-21 06:52:32,40.68343,-74.1501,0.0,310.0,310,YM UBERTY,IMO9337444,A8OR4,70,5,333.0,42.0,14.5,71,A
636013689,2021-11-21 06:55:31,40.68343,-74.1501,0.0,310.0,310,YM UBERTY,IMO9337444,A8OR4,70,5,333.0,42.0,14.5,71,A
636013689,2021-11-21 06:58:30,40.68343,-74.1501,0.0,310.0,310,YM UBERTY,IMO9337444,A8OR4,70,5,333.0,42.0,14.5,71,A
636013689,2021-11-21 07:01:31,40.68343,-74.1501,0.0,310.0,310,YM UBERTY,IMO9337444,A8OR4,70,5,333.0,42.0,14.5,71,A
636013689,2021-11-21 07:04:30,40.68343,-74.1501,0.0,310.0,310,YM UBERTY,IMO9337444,A8OR4,70,5,333.0,42.0,14.5,71,A
636013689,2021-11-21 07:07:31,40.68343,-74.1501,0.0,310.0,310,YM UBERTY,IMO9337444,A8OR4,70,5,333.0,42.0,14.5,71,A
636013689,2021-11-21 07:10:31,40.68343,-74.15008,0.0,310.0,310,YM UBERTY,IMO9337444,A8OR4,70,5,333.0,42.0,14.5,71,A
636013689,2021-11-21 07:13:31,40.68343,-74.15008,0.0,310.0,310,YM UBERTY,IMO9337444,A8OR4,70,5,333.0,42.0,14.5,71,A
636013689,2021-11-21 07:16:30,40.68343,-74.15008,0.0,310.0,310,YM UBERTY,IMO9337444,A8OR4,70,5,333.0,42.0,14.5,71,A
636013689,2021-11-21 07:19:32,40.68343,-74.15008,0.0,310.0,310,YM UBERTY,IMO9337444,A8OR4,70,5,333.0,42.0,14.5,71,A
636013689,2021-11-21 07:22:31,40.68343,-74.15008,0.0,310.0,310,YM UBERTY,IMO9337444,A8OR4,70,5,333.0,42.0,14.5,71,A
636013689,2021-11-21 07:25:32,40.68343,-74.15008,0.0,310.0,310,YM UBERTY,IMO9337444,A8OR4,70,5,333.0,42.0,14.5,71,A
636013689,2021-11-21 07:28:30,40.68342,-74.15008,0.0,310.0,310,YM UBERTY,IMO9337444,A8OR4,70,5,333.0,42.0,14.5,71,A
636013689,2021-11-21 07:31:31,40.68343,-74.15008,0.0,309.0,309,YM UBERTY,IMO9337444,A8OR4,70,5,333.0,42.0,14.5,71,A
636013689,2021-11-21 07:37:31,40.68343,-74.1501,0.0,309.0,309,YM UBERTY,IMO9337444,A8OR4,70,5,333.0,42.0,14.5,71,A
636013689,2021-11-21 07:40:31,40.68343,-74.1501,0.0,309.0,309,YM UBERTY,IMO9337444,A8OR4,70,5,333.0,42.0,14.5,71,A
636013689,2021-11-21 07:43:31,40.68343,-74.1501,0.0,309.0,309,YM UBERTY,IMO9337444,A8OR4,70,5,333.0,42.0,14.5,71,A
636013689,2021-11-21 07:46:31,40.68343,-74.1501,0.0,309.0,309,YM UBERTY,IMO9337444,A8OR4,70,5,333.0,42.0,14.5,71,A
636013689,2021-11-21 07:49:30,40.68343,-74.1501,0.0,309.0,309,YM UBERTY,IMO9337444,A8OR4,70,5,333.0,42.0,14.5,71,A
636013689,2021-11-21 07:52:31,40.68342,-74.1501,0.0,309.0,309,YM UBERTY,IMO9337444,A8OR4,70,5,333.0,42.0,14.5,71,A
636013689,2021-11-21 07:55:31,40.68343,-74.15012,0.0,309.0,309,YM UBERTY,IMO9337444,A8OR4,70,5,333.0,42.0,14.5,71,A
636013689,2021-11-21 07:58:31,40.68343,-74.15008,0.0,309.0,309,YM UBERTY,IMO9337444,A8OR4,70,5,333.0,42.0,14.5,71,A
636013689,2021-11-21 08:01:31,40.68343,-74.1501,0.0,309.0,309,YM UBERTY,IMO9337444,A8OR4,70,5,333.0,42.0,14.5,71,A
636013689,2021-11-21 08:04:30,40.68343,-74.1501,0.0,309.0,309,YM UBERTY,IMO9337444,A8OR4,70,5,333.0,42.0,14.5,71,A
636013689,2021-11-21 08:07:31,40.68343,-74.1501,0.0,309.0,309,YM UBERTY,IMO9337444,A8OR4,70,5,333.0,42.0,14.5,71,A
636013689,2021-11-21 08:10:30,40.68343,-74.15008,0.0,309.0,309,YM UBERTY,IMO9337444,A8OR4,70,5,333.0,42.0,14.5,71,A
636013689,2021-11-21 08:13:31,40.68343,-74.15008,0.0,309.0,309,YM UBERTY,IMO9337444,A8OR4,70,5,333.0,42.0,14.5,71,A
636013689,2021-11-21 08:16:31,40.68345,-74.1501,0.0,310.0,310,YM UBERTY,IMO9337444,A8OR4,70,5,333.0,42.0,14.5,71,A
636013689,2021-11-21 08:19:31,40.68345,-74.1501,0.0,310.0,310,YM UBERTY,IMO9337444,A8OR4,70,5,333.0,42.0,14.5,71,A
636013689,2021-11-21 08:22:30,40.68343,-74.1501,0.0,310.0,310,YM UBERTY,IMO9337444,A8OR4,70,5,333.0,42.0,14.5,71,A
636013689,2021-11-21 08:25:32,40.68343,-74.15008,0.0,310.0,310,YM UBERTY,IMO9337444,A8OR4,70,5,333.0,42.0,14.5,71,A
636013689,2021-11-21 08:28:30,40.68343,-74.1501,0.0,310.0,310,YM UBERTY,IMO9337444,A8OR4,70,5,333.0,42.0,14.5,71,A
636013689,2021-11-21 08:31:32,40.68343,-74.1501,0.0,310.0,310,YM UBERTY,IMO9337444,A8OR4,70,5,333.0,42.0,14.5,71,A
636013689,2021-11-21 08:34:31,40.68343,-74.1501,0.0,310.0,310,YM UBERTY,IMO9337444,A8OR4,70,5,333.0,42.0,14.5,71,A
636013689,2021-11-21 08:37:31,40.68343,-74.1501,0.0,310.0,310,YM UBERTY,IMO9337444,A8OR4,70,5,333.0,42.0,14.5,71,A
636013689,2021-11-21 08:40:31,40.68343,-74.1501,0.0,310.0,310,YM UBERTY,IMO9337444,A8OR4,70,5,333.0,42.0,14.5,71,A
636013689,2021-11-21 08:43:31,40.68343,-74.1501,0.0,310.0,310,YM UBERTY,IMO9337444,A8OR4,70,5,333.0,42.0,14.5,71,A
636013689,2021-11-21 08:46:31,40.68343,-74.1501,0.0,310.0,310,YM UBERTY,IMO9337444,A8OR4,70,5,333.0,42.0,14.5,71,A
636013689,2021-11-21 08:49:32,40.68343,-74.1501,0.0,310.0,310,YM UBERTY,IMO9337444,A8OR4,70,5,333.0,42.0,14.5,71,A
636013689,2021-11-21 08:52:32,40.68343,-74.1501,0.0,310.0,310,YM UBERTY,IMO9337444,A8OR4,70,5,333.0,42.0,14.5,71,A
636013689,2021-11-21 08:55:31,40.68343,-74.1501,0.0,310.0,310,YM UBERTY,IMO9337444,A8OR4,70,5,333.0,42.0,14.5,71,A
636013689,2021-11-21 08:58:31,40.68343,-74.1501,0.0,309.0,309,YM UBERTY,IMO9337444,A8OR4,70,5,333.0,42.0,14.5,71,A
636013689,2021-11-21 09:01:31,40.68343,-74.1501,0.0,309.0,309,YM UBERTY,IMO9337444,A8OR4,70,5,333.0,42.0,14.5,71,A
636013689,2021-11-21 09:04:31,40.68343,-74.1501,0.0,309.0,309,YM UBERTY,IMO9337444,A8OR4,70,5,333.0,42.0,14.5,71,A
636013689,2021-11-21 09:07:30,40.68343,-74.1501,0.0,309.0,309,YM UBERTY,IMO9337444,A8OR4,70,5,333.0,42.0,14.5,71,A
636013689,2021-11-21 09:10:31,40.68343,-74.1501,0.0,309.0,309,YM UBERTY,IMO9337444,A8OR4,70,5,333.0,42.0,14.5,71,A
636013689,2021-11-21 09:13:31,40.68343,-74.1501,0.0,309.0,309,YM UBERTY,IMO9337444,A8OR4,70,5,333.0,42.0,14.5,71,A
636013689,2021-11-21 09:16:30,40.68343,-74.15008,0.0,309.0,309,YM UBERTY,IMO9337444,A8OR4,70,5,333.0,42.0,14.5,71,A
636013689,2021-11-21 09:19:30,40.68343,-74.15008,0.0,309.0,309,YM UBERTY,IMO9337444,A8OR4,70,5,333.0,42.0,14.5,71,A
636013689,2021-11-21 09:22:30,40.68343,-74.15008,0.0,309.0,309,YM UBERTY,IMO9337444,A8OR4,70,5,333.0,42.0,14.5,71,A
636013689,2021-11-21 09:25:31,40.68343,-74.1501,0.0,309.0,309,YM UBERTY,IMO9337444,A8OR4,70,5,333.0,42.0,14.5,71,A
636013689,2021-11-21 09:28:32,40.68342,-74.15008,0.0,309.0,310,YM UBERTY,IMO9337444,A8OR4,70,5,333.0,42.0,14.5,71,A
636013689,2021-11-21 09:31:32,40.68342,-74.15008,0.0,309.0,309,YM UBERTY,IMO9337444,A8OR4,70,5,333.0,42.0,14.5,71,A
636013689,2021-11-21 09:34:31,40.68343,-74.15008,0.0,309.0,309,YM UBERTY,IMO9337444,A8OR4,70,5,333.0,42.0,14.5,71,A
636013689,2021-11-21 09:37:31,40.68343,-74.1501,0.0,309.0,309,YM UBERTY,IMO9337444,A8OR4,70,5,333.0,42.0,14.5,71,A
636013689,2021-11-21 09:40:31,40.68343,-74.1501,0.0,309.0,309,YM UBERTY,IMO9337444,A8OR4,70,5,333.0,42.0,14.5,71,A
636013689,2021-11-21 09:43:32,40.68343,-74.15008,0.0,310.0,310,YM UBERTY,IMO9337444,A8OR4,70,5,333.0,42.0,14.5,71,A
636013689,2021-11-21 09:46:32,40.68342,-74.15008,0.0,310.0,310,YM UBERTY,IMO9337444,A8OR4,70,5,333.0,42.0,14.5,71,A
636013689,2021-11-21 09:49:30,40.68343,-74.15008,0.0,309.0,309,YM UBERTY,IMO9337444,A8OR4,70,5,333.0,42.0,14.5,71,A
636013689,2021-11-21 09:52:32,40.68342,-74.15008,0.0,309.0,309,YM UBERTY,IMO9337444,A8OR4,70,5,333.0,42.0,14.5,71,A
636013689,2021-11-21 09:55:30,40.68342,-74.15008,0.0,309.0,310,YM UBERTY,IMO9337444,A8OR4,70,5,333.0,42.0,14.5,71,A
636013689,2021-11-21 09:58:31,40.68342,-74.15008,0.0,309.0,309,YM UBERTY,IMO9337444,A8OR4,70,5,333.0,42.0,14.5,71,A
636013689,2021-11-21 10:01:31,40.68342,-74.15008,0.0,309.0,309,YM UBERTY,IMO9337444,A8OR4,70,5,333.0,42.0,14.5,71,A
636013689,2021-11-21 10:04:30,40.68342,-74.15008,0.0,309.0,309,YM UBERTY,IMO9337444,A8OR4,70,5,333.0,42.0,14.5,71,A
636013689,2021-11-21 10:07:32,40.68342,-74.15008,0.0,309.0,309,YM UBERTY,IMO9337444,A8OR4,70,5,333.0,42.0,14.5,71,A
636013689,2021-11-21 10:10:32,40.68342,-74.1501,0.0,309.0,309,YM UBERTY,IMO9337444,A8OR4,70,5,333.0,42.0,14.5,71,A
636013689,2021-11-21 10:13:31,40.68342,-74.15008,0.0,310.0,310,YM UBERTY,IMO9337444,A8OR4,70,5,333.0,42.0,14.5,71,A
636013689,2021-11-21 10:16:31,40.68342,-74.1501,0.0,310.0,310,YM UBERTY,IMO9337444,A8OR4,70,5,333.0,42.0,14.5,71,A
636013689,2021-11-21 10:19:31,40.68342,-74.1501,0.0,310.0,310,YM UBERTY,IMO9337444,A8OR4,70,5,333.0,42.0,14.5,71,A
636013689,2021-11-21 10:22:32,40.68342,-74.1501,0.0,310.0,310,YM UBERTY,IMO9337444,A8OR4,70,5,333.0,42.0,14.5,71,A
636013689,2021-11-21 10:25:30,40.68342,-74.15008,0.0,309.0,309,YM UBERTY,IMO9337444,A8OR4,70,5,333.0,42.0,14.5,71,A
636013689,2021-11-21 10:28:32,40.68342,-74.15008,0.0,309.0,309,YM UBERTY,IMO9337444,A8OR4,70,5,333.0,42.0,14.5,71,A
636013689,2021-11-21 10:31:31,40.68343,-74.1501,0.0,309.0,309,YM UBERTY,IMO9337444,A8OR4,70,5,333.0,42.0,14.5,71,A
636013689,2021-11-21 10:37:32,40.68342,-74.1501,0.0,309.0,309,YM UBERTY,IMO9337444,A8OR4,70,5,333.0,42.0,14.5,71,A
636013689,2021-11-21 10:40:30,40.68342,-74.15008,0.0,309.0,309,YM UBERTY,IMO9337444,A8OR4,70,5,333.0,42.0,14.5,71,A
636013689,2021-11-21 10:43:31,40.68343,-74.15008,0.0,309.0,309,YM UBERTY,IMO9337444,A8OR4,70,5,333.0,42.0,14.5,71,A
636013689,2021-11-21 10:46:32,40.68342,-74.15008,0.0,309.0,309,YM UBERTY,IMO9337444,A8OR4,70,5,333.0,42.0,14.5,71,A
636013689,2021-11-21 10:49:31,40.68342,-74.15008,0.0,309.0,309,YM UBERTY,IMO9337444,A8OR4,70,5,333.0,42.0,14.5,71,A
636013689,2021-11-21 10:52:31,40.68342,-74.15008,0.0,309.0,309,YM UBERTY,IMO9337444,A8OR4,70,5,333.0,42.0,14.5,71,A
636013689,2021-11-21 10:55:31,40.68342,-74.15008,0.0,309.0,309,YM UBERTY,IMO9337444,A8OR4,70,5,333.0,42.0,14.5,71,A
636013689,2021-11-21 10:58:30,40.68342,-74.1501,0.0,309.0,309,YM UBERTY,IMO9337444,A8OR4,70,5,333.0,42.0,14.5,71,A
636013689,2021-11-21 11:01:32,40.68342,-74.1501,0.0,309.0,309,YM UBERTY,IMO9337444,A8OR4,70,5,333.0,42.0,14.5,71,A
636013689,2021-11-21 11:04:32,40.68342,-74.1501,0.0,309.0,309,YM UBERTY,IMO9337444,A8OR4,70,5,333.0,42.0,14.5,71,A
636013689,2021-11-21 11:07:31,40.68342,-74.1501,0.0,309.0,309,YM UBERTY,IMO9337444,A8OR4,70,5,333.0,42.0,14.5,71,A
636013689,2021-11-21 11:10:31,40.68342,-74.1501,0.0,309.0,309,YM UBERTY,IMO9337444,A8OR4,70,5,333.0,42.0,14.5,71,A
636013689,2021-11-21 11:16:30,40.68342,-74.1501,0.0,309.0,309,YM UBERTY,IMO9337444,A8OR4,70,5,333.0,42.0,14.5,71,A
636013689,2021-11-21 11:19:32,40.68343,-74.1501,0.0,309.0,309,YM UBERTY,IMO9337444,A8OR4,70,5,333.0,42.0,14.5,71,A
636013689,2021-11-21 11:25:32,40.68343,-74.1501,0.0,309.0,309,YM UBERTY,IMO9337444,A8OR4,70,5,333.0,42.0,14.5,71,A
636013689,2021-11-21 11:28:31,40.68343,-74.1501,0.0,309.0,309,YM UBERTY,IMO9337444,A8OR4,70,5,333.0,42.0,14.5,71,A
636013689,2021-11-21 11:31:32,40.68342,-74.1501,0.0,309.0,309,YM UBERTY,IMO9337444,A8OR4,70,5,333.0,42.0,14.5,71,A
636013689,2021-11-21 11:34:31,40.68342,-74.1501,0.0,309.0,309,YM UBERTY,IMO9337444,A8OR4,70,5,333.0,42.0,14.5,71,A
636013689,2021-11-21 11:37:32,40.68342,-74.1501,0.0,309.0,309,YM UBERTY,IMO9337444,A8OR4,70,5,333.0,42.0,14.5,71,A
636013689,2021-11-21 11:40:31,40.68342,-74.1501,0.0,310.0,310,YM UBERTY,IMO9337444,A8OR4,70,5,333.0,42.0,14.5,71,A
636013689,2021-11-21 11:43:30,40.68342,-74.1501,0.0,310.0,310,YM UBERTY,IMO9337444,A8OR4,70,5,333.0,42.0,14.5,71,A
636013689,2021-11-21 11:46:32,40.68342,-74.1501,0.0,310.0,310,YM UBERTY,IMO9337444,A8OR4,70,5,333.0,42.0,14.5,71,A
636013689,2021-11-21 11:49:31,40.68342,-74.1501,0.0,310.0,310,YM UBERTY,IMO9337444,A8OR4,70,5,333.0,42.0,14.5,71,A
636013689,2021-11-21 11:52:32,40.68342,-74.1501,0.0,310.0,310,YM UBERTY,IMO9337444,A8OR4,70,5,333.0,42.0,14.5,71,A
636013689,2021-11-21 11:55:31,40.68342,-74.1501,0.0,310.0,310,YM UBERTY,IMO9337444,A8OR4,70,5,333.0,42.0,14.5,71,A
636013689,2021-11-21 11:58:31,40.68342,-74.1501,0.0,310.0,310,YM UBERTY,IMO9337444,A8OR4,70,5,333.0,42.0,14.5,71,A
636013689,2021-11-21 12:01:30,40.68342,-74.1501,0.0,310.0,310,YM UBERTY,IMO9337444,A8OR4,70,5,333.0,42.0,14.5,71,A
636013689,2021-11-21 12:04:32,40.68342,-74.1501,0.0,310.0,310,YM UBERTY,IMO9337444,A8OR4,70,5,333.0,42.0,14.5,71,A
636013689,2021-11-21 12:07:32,40.68343,-74.1501,0.0,310.0,310,YM UBERTY,IMO9337444,A8OR4,70,5,333.0,42.0,14.5,71,A
636013689,2021-11-21 12:10:32,40.68343,-74.1501,0.0,310.0,310,YM UBERTY,IMO9337444,A8OR4,70,5,333.0,42.0,14.5,71,A
636013689,2021-11-21 12:13:32,40.68343,-74.1501,0.0,310.0,310,YM UBERTY,IMO9337444,A8OR4,70,5,333.0,42.0,14.5,71,A
636013689,2021-11-21 12:16:32,40.68343,-74.15008,0.0,310.0,310,YM UBERTY,IMO9337444,A8OR4,70,5,333.0,42.0,14.5,71,A
636013689,2021-11-21 12:19:31,40.68343,-74.1501,0.0,310.0,310,YM UBERTY,IMO9337444,A8OR4,70,5,333.0,42.0,14.5,71,A
636013689,2021-11-21 12:22:31,40.68343,-74.1501,0.0,310.0,310,YM UBERTY,IMO9337444,A8OR4,70,5,333.0,42.0,14.5,71,A
636013689,2021-11-21 12:25:30,40.68343,-74.1501,0.0,310.0,310,YM UBERTY,IMO9337444,A8OR4,70,5,333.0,42.0,14.5,71,A
636013689,2021-11-21 12:28:31,40.68343,-74.1501,0.0,310.0,310,YM UBERTY,IMO9337444,A8OR4,70,5,333.0,42.0,14.5,71,A
636013689,2021-11-21 12:31:30,40.68343,-74.1501,0.0,310.0,310,YM UBERTY,IMO9337444,A8OR4,70,5,333.0,42.0,14.5,71,A
636013689,2021-11-21 12:34:32,40.68343,-74.1501,0.0,309.0,309,YM UBERTY,IMO9337444,A8OR4,70,5,333.0,42.0,14.5,71,A
636013689,2021-11-21 12:37:32,40.68343,-74.1501,0.0,310.0,310,YM UBERTY,IMO9337444,A8OR4,70,5,333.0,42.0,14.5,71,A
636013689,2021-11-21 12:40:32,40.68343,-74.15008,0.0,310.0,310,YM UBERTY,IMO9337444,A8OR4,70,5,333.0,42.0,14.5,71,A
636013689,2021-11-21 12:43:31,40.68343,-74.15008,0.0,310.0,310,YM UBERTY,IMO9337444,A8OR4,70,5,333.0,42.0,14.5,71,A
636013689,2021-11-21 12:46:31,40.68343,-74.15008,0.0,310.0,310,YM UBERTY,IMO9337444,A8OR4,70,5,333.0,42.0,14.5,71,A
636013689,2021-11-21 12:49:30,40.68343,-74.1501,0.0,310.0,310,YM UBERTY,IMO9337444,A8OR4,70,5,333.0,42.0,14.5,71,A
636013689,2021-11-21 12:52:31,40.68343,-74.1501,0.0,310.0,310,YM UBERTY,IMO9337444,A8OR4,70,5,333.0,42.0,14.5,71,A
636013689,2021-11-21 12:55:31,40.68343,-74.15008,0.0,310.0,310,YM UBERTY,IMO9337444,A8OR4,70,5,333.0,42.0,14.5,71,A
636013689,2021-11-21 12:58:31,40.68343,-74.1501,0.0,310.0,310,YM UBERTY,IMO9337444,A8OR4,70,5,333.0,42.0,14.5,71,A
636013689,2021-11-21 13:01:31,40.68343,-74.15008,0.0,310.0,310,YM UBERTY,IMO9337444,A8OR4,70,5,333.0,42.0,14.5,71,A
636013689,2021-11-21 13:04:31,40.68343,-74.15008,0.0,310.0,310,YM UBERTY,IMO9337444,A8OR4,70,5,333.0,42.0,14.5,71,A
636013689,2021-11-21 13:07:31,40.68343,-74.15008,0.0,310.0,310,YM UBERTY,IMO9337444,A8OR4,70,5,333.0,42.0,14.5,71,A
636013689,2021-11-21 13:10:30,40.68343,-74.15008,0.0,310.0,310,YM UBERTY,IMO9337444,A8OR4,70,5,333.0,42.0,14.5,71,A
636013689,2021-11-21 13:13:31,40.68345,-74.15008,0.0,310.0,310,YM UBERTY,IMO9337444,A8OR4,70,5,333.0,42.0,14.5,71,A
636013689,2021-11-21 13:16:30,40.68343,-74.15008,0.0,310.0,310,YM UBERTY,IMO9337444,A8OR4,70,5,333.0,42.0,14.5,71,A
636013689,2021-11-21 13:19:32,40.68343,-74.15008,0.0,310.0,310,YM UBERTY,IMO9337444,A8OR4,70,5,333.0,42.0,14.5,71,A
636013689,2021-11-21 13:22:31,40.68345,-74.15008,0.0,310.0,310,YM UBERTY,IMO9337444,A8OR4,70,5,333.0,42.0,14.5,71,A
636013689,2021-11-21 13:25:31,40.68343,-74.1501,0.0,310.0,310,YM UBERTY,IMO9337444,A8OR4,70,5,333.0,42.0,14.5,71,A
636013689,2021-11-21 13:28:31,40.68343,-74.1501,0.0,310.0,310,YM UBERTY,IMO9337444,A8OR4,70,5,333.0,42.0,14.5,71,A
636013689,2021-11-21 13:31:32,40.68343,-74.15008,0.0,310.0,310,YM UBERTY,IMO9337444,A8OR4,70,5,333.0,42.0,14.5,71,A
636013689,2021-11-21 13:34:31,40.68343,-74.15008,0.0,310.0,310,YM UBERTY,IMO9337444,A8OR4,70,5,333.0,42.0,14.5,71,A
636013689,2021-11-21 13:37:31,40.68343,-74.15008,0.0,310.0,310,YM UBERTY,IMO9337444,A8OR4,70,5,333.0,42.0,14.5,71,A
636013689,2021-11-21 13:40:32,40.68343,-74.15008,0.0,310.0,310,YM UBERTY,IMO9337444,A8OR4,70,5,333.0,42.0,14.5,71,A
636013689,2021-11-21 13:43:30,40.68343,-74.15008,0.0,310.0,310,YM UBERTY,IMO9337444,A8OR4,70,5,333.0,42.0,14.5,71,A
636013689,2021-11-21 13:46:31,40.68343,-74.15008,0.0,310.0,310,YM UBERTY,IMO9337444,A8OR4,70,5,333.0,42.0,14.5,71,A
636013689,2021-11-21 13:49:32,40.68343,-74.15008,0.0,310.0,310,YM UBERTY,IMO9337444,A8OR4,70,5,333.0,42.0,14.5,71,A
636013689,2021-11-21 13:52:30,40.68343,-74.15008,0.0,310.0,310,YM UBERTY,IMO9337444,A8OR4,70,5,333.0,42.0,14.5,71,A
636013689,2021-11-21 13:55:31,40.68343,-74.15008,0.0,310.0,310,YM UBERTY,IMO9337444,A8OR4,70,5,333.0,42.0,14.5,71,A
636013689,2021-11-21 13:58:31,40.68343,-74.15008,0.0,310.0,310,YM UBERTY,IMO9337444,A8OR4,70,5,333.0,42.0,14.5,71,A
636013689,2021-11-21 14:01:32,40.68343,-74.15008,0.0,310.0,310,YM UBERTY,IMO9337444,A8OR4,70,5,333.0,42.0,14.5,71,A
636013689,2021-11-21 14:04:32,40.68343,-74.15008,0.0,310.0,310,YM UBERTY,IMO9337444,A8OR4,70,5,333.0,42.0,14.5,71,A
636013689,2021-11-21 14:07:31,40.68343,-74.15008,0.0,310.0,310,YM UBERTY,IMO9337444,A8OR4,70,5,333.0,42.0,14.5,71,A
636013689,2021-11-21 14:10:31,40.68343,-74.15008,0.0,310.0,310,YM UBERTY,IMO9337444,A8OR4,70,5,333.0,42.0,14.5,71,A
636013689,2021-11-21 14:13:31,40.68343,-74.15008,0.0,310.0,310,YM UBERTY,IMO9337444,A8OR4,70,5,333.0,42.0,14.5,71,A
636013689,2021-11-21 14:16:31,40.68342,-74.1501,0.0,310.0,310,YM UBERTY,IMO9337444,A8OR4,70,5,333.0,42.0,14.5,71,A
636013689,2021-11-21 14:19:31,40.68342,-74.1501,0.0,310.0,310,YM UBERTY,IMO9337444,A8OR4,70,5,333.0,42.0,14.5,71,A
636013689,2021-11-21 14:22:32,40.68342,-74.1501,0.0,310.0,310,YM UBERTY,IMO9337444,A8OR4,70,5,333.0,42.0,14.5,71,A
636013689,2021-11-21 14:25:32,40.68342,-74.1501,0.0,310.0,310,YM UBERTY,IMO9337444,A8OR4,70,5,333.0,42.0,14.5,71,A
636013689,2021-11-21 14:28:31,40.68342,-74.15008,0.0,310.0,310,YM UBERTY,IMO9337444,A8OR4,70,5,333.0,42.0,14.5,71,A
636013689,2021-11-21 14:31:31,40.68342,-74.15008,0.0,310.0,310,YM UBERTY,IMO9337444,A8OR4,70,5,333.0,42.0,14.5,71,A
636013689,2021-11-21 14:34:32,40.68342,-74.1501,0.0,310.0,310,YM UBERTY,IMO9337444,A8OR4,70,5,333.0,42.0,14.5,71,A
636013689,2021-11-21 14:37:31,40.68342,-74.1501,0.0,310.0,310,YM UBERTY,IMO9337444,A8OR4,70,5,333.0,42.0,14.5,71,A
636013689,2021-11-21 14:40:31,40.68342,-74.1501,0.0,310.0,310,YM UBERTY,IMO9337444,A8OR4,70,5,333.0,42.0,14.5,71,A
636013689,2021-11-21 14:43:31,40.68343,-74.1501,0.0,310.0,310,YM UBERTY,IMO9337444,A8OR4,70,5,333.0,42.0,14.5,71,A
636013689,2021-11-21 14:46:31,40.68343,-74.1501,0.0,310.0,310,YM UBERTY,IMO9337444,A8OR4,70,5,333.0,42.0,14.5,71,A
636013689,2021-11-21 14:49:32,40.68343,-74.15008,0.0,310.0,310,YM UBERTY,IMO9337444,A8OR4,70,5,333.0,42.0,14.5,71,A
636013689,2021-11-21 14:55:32,40.68343,-74.15008,0.0,310.0,310,YM UBERTY,IMO9337444,A8OR4,70,5,333.0,42.0,14.5,71,A
636013689,2021-11-21 14:56:33,40.68343,-74.15008,0.0,310.0,310,YM UBERTY,IMO9337444,A8OR4,70,5,333.0,42.0,14.5,71,A
636013689,2021-11-21 14:57:44,40.68343,-74.15008,0.0,310.0,310,YM UBERTY,IMO9337444,A8OR4,70,5,333.0,42.0,14.5,71,A
636013689,2021-11-21 14:58:54,40.68342,-74.15008,0.0,310.0,310,YM UBERTY,IMO9337444,A8OR4,70,5,333.0,42.0,14.5,71,A
636013689,2021-11-21 15:00:04,40.68342,-74.15008,0.0,310.0,310,YM UBERTY,IMO9337444,A8OR4,70,5,333.0,42.0,14.5,71,A
636013689,2021-11-21 15:01:14,40.68342,-74.15008,0.0,310.0,310,YM UBERTY,IMO9337444,A8OR4,70,5,333.0,42.0,14.5,71,A
636013689,2021-11-21 15:02:24,40.68342,-74.15008,0.0,310.0,310,YM UBERTY,IMO9337444,A8OR4,70,5,333.0,42.0,14.5,71,A
636013689,2021-11-21 15:03:33,40.68342,-74.15008,0.0,310.0,310,YM UBERTY,IMO9337444,A8OR4,70,5,333.0,42.0,14.5,71,A
636013689,2021-11-21 15:04:34,40.68342,-74.15008,0.0,310.0,310,YM UBERTY,IMO9337444,A8OR4,70,5,333.0,42.0,14.5,71,A
636013689,2021-11-21 15:05:43,40.68342,-74.15008,0.0,310.0,310,YM UBERTY,IMO9337444,A8OR4,70,5,333.0,42.0,14.5,71,A
636013689,2021-11-21 15:06:44,40.68342,-74.15008,0.0,310.0,310,YM UBERTY,IMO9337444,A8OR4,70,5,333.0,42.0,14.5,71,A
636013689,2021-11-21 15:07:54,40.68342,-74.15008,0.0,310.0,310,YM UBERTY,IMO9337444,A8OR4,70,5,333.0,42.0,14.5,71,A
636013689,2021-11-21 15:09:03,40.68342,-74.15008,0.0,310.0,310,YM UBERTY,IMO9337444,A8OR4,70,5,333.0,42.0,14.5,71,A
636013689,2021-11-21 15:10:14,40.68342,-74.15008,0.0,310.0,310,YM UBERTY,IMO9337444,A8OR4,70,5,333.0,42.0,14.5,71,A
636013689,2021-11-21 15:11:23,40.68342,-74.15008,0.0,310.0,310,YM UBERTY,IMO9337444,A8OR4,70,5,333.0,42.0,14.5,71,A
636013689,2021-11-21 15:12:33,40.68342,-74.15008,0.0,310.0,310,YM UBERTY,IMO9337444,A8OR4,70,5,333.0,42.0,14.5,71,A
636013689,2021-11-21 15:13:44,40.68342,-74.15008,0.0,310.0,310,YM UBERTY,IMO9337444,A8OR4,70,5,333.0,42.0,14.5,71,A
636013689,2021-11-21 15:14:54,40.68342,-74.15008,0.0,310.0,310,YM UBERTY,IMO9337444,A8OR4,70,5,333.0,42.0,14.5,71,A
636013689,2021-11-21 15:16:05,40.68343,-74.15008,0.0,310.0,310,YM UBERTY,IMO9337444,A8OR4,70,5,333.0,42.0,14.5,71,A
636013689,2021-11-21 15:17:13,40.68342,-74.15008,0.0,310.0,310,YM UBERTY,IMO9337444,A8OR4,70,5,333.0,42.0,14.5,71,A
636013689,2021-11-21 15:18:14,40.68342,-74.15008,0.0,310.0,310,YM UBERTY,IMO9337444,A8OR4,70,5,333.0,42.0,14.5,71,A
636013689,2021-11-21 15:19:24,40.68342,-74.15008,0.0,310.0,310,YM UBERTY,IMO9337444,A8OR4,70,5,333.0,42.0,14.5,71,A
636013689,2021-11-21 15:20:33,40.68342,-74.15008,0.0,310.0,310,YM UBERTY,IMO9337444,A8OR4,70,5,333.0,42.0,14.5,71,A
636013689,2021-11-21 15:21:44,40.68342,-74.15008,0.0,310.0,310,YM UBERTY,IMO9337444,A8OR4,70,5,333.0,42.0,14.5,71,A
636013689,2021-11-21 15:22:54,40.68342,-74.15008,0.0,310.0,310,YM UBERTY,IMO9337444,A8OR4,70,5,333.0,42.0,14.5,71,A
636013689,2021-11-21 15:24:04,40.68342,-74.15008,0.0,310.0,310,YM UBERTY,IMO9337444,A8OR4,70,5,333.0,42.0,14.5,71,A
636013689,2021-11-21 15:25:14,40.68342,-74.15008,0.0,310.0,310,YM UBERTY,IMO9337444,A8OR4,70,5,333.0,42.0,14.5,71,A
636013689,2021-11-21 15:26:24,40.68342,-74.15008,0.0,310.0,310,YM UBERTY,IMO9337444,A8OR4,70,5,333.0,42.0,14.5,71,A
636013689,2021-11-21 15:27:34,40.68342,-74.15008,0.0,310.0,310,YM UBERTY,IMO9337444,A8OR4,70,5,333.0,42.0,14.5,71,A
636013689,2021-11-21 15:28:44,40.68342,-74.15008,0.0,310.0,310,YM UBERTY,IMO9337444,A8OR4,70,5,333.0,42.0,14.5,71,A
636013689,2021-11-21 15:29:54,40.68342,-74.15008,0.0,310.0,310,YM UBERTY,IMO9337444,A8OR4,70,5,333.0,42.0,14.5,71,A
636013689,2021-11-21 15:31:03,40.68342,-74.15008,0.0,310.0,310,YM UBERTY,IMO9337444,A8OR4,70,5,333.0,42.0,14.5,71,A
636013689,2021-11-21 15:32:13,40.68342,-74.15008,0.0,310.0,310,YM UBERTY,IMO9337444,A8OR4,70,5,333.0,42.0,14.5,71,A
636013689,2021-11-21 15:33:14,40.68342,-74.15008,0.0,310.0,310,YM UBERTY,IMO9337444,A8OR4,70,5,333.0,42.0,14.5,71,A
636013689,2021-11-21 15:34:24,40.68342,-74.15008,0.0,310.0,310,YM UBERTY,IMO9337444,A8OR4,70,5,333.0,42.0,14.5,71,A
636013689,2021-11-21 15:35:34,40.68342,-74.15008,0.0,310.0,310,YM UBERTY,IMO9337444,A8OR4,70,5,333.0,42.0,14.5,71,A
636013689,2021-11-21 15:36:43,40.68342,-74.15008,0.0,310.0,310,YM UBERTY,IMO9337444,A8OR4,70,5,333.0,42.0,14.5,71,A
636013689,2021-11-21 15:37:54,40.68343,-74.15008,0.0,310.0,310,YM UBERTY,IMO9337444,A8OR4,70,5,333.0,42.0,14.5,71,A
636013689,2021-11-21 15:39:03,40.68342,-74.15008,0.0,310.0,310,YM UBERTY,IMO9337444,A8OR4,70,5,333.0,42.0,14.5,71,A
636013689,2021-11-21 15:40:13,40.68342,-74.15008,0.0,310.0,310,YM UBERTY,IMO9337444,A8OR4,70,5,333.0,42.0,14.5,71,A
636013689,2021-11-21 15:41:24,40.6834,-74.15008,0.0,310.0,310,YM UBERTY,IMO9337444,A8OR4,70,5,333.0,42.0,14.5,71,A
636013689,2021-11-21 15:42:34,40.68338,-74.15007,0.0,309.0,309,YM UBERTY,IMO9337444,A8OR4,70,5,333.0,42.0,14.5,71,A
636013689,2021-11-21 15:43:44,40.68328,-74.1502,0.7,222.7,311,YM UBERTY,IMO9337444,A8OR4,70,0,333.0,42.0,14.5,71,A
636013689,2021-11-21 15:45:04,40.68307,-74.15035,0.8,170.9,314,YM UBERTY,IMO9337444,A8OR4,70,0,333.0,42.0,14.5,71,A
636013689,2021-11-21 15:46:05,40.68282,-74.15018,1.2,156.9,313,YM UBERTY,IMO9337444,A8OR4,70,0,333.0,42.0,14.5,71,A
636013689,2021-11-21 15:47:13,40.68243,-74.14968,1.7,142.5,309,YM UBERTY,IMO9337444,A8OR4,70,0,333.0,42.0,14.5,71,A
636013689,2021-11-21 15:48:24,40.68192,-74.1489,2.4,133.7,309,YM UBERTY,IMO9337444,A8OR4,70,0,333.0,42.0,14.5,71,A
636013689,2021-11-21 15:49:34,40.68128,-74.14792,3.4,129.2,309,YM UBERTY,IMO9337444,A8OR4,70,0,333.0,42.0,14.5,71,A
636013689,2021-11-21 15:50:53,40.68042,-74.14657,3.6,130.3,309,YM UBERTY,IMO9337444,A8OR4,70,0,333.0,42.0,14.5,71,A
636013689,2021-11-21 15:51:54,40.67972,-74.14542,4.1,131.5,307,YM UBERTY,IMO9337444,A8OR4,70,0,333.0,42.0,14.5,71,A
636013689,2021-11-21 15:53:03,40.67887,-74.14398,4.4,131.4,305,YM UBERTY,IMO9337444,A8OR4,70,0,333.0,42.0,14.5,71,A
636013689,2021-11-21 15:54:13,40.678000000000004,-74.14243,4.8,128.1,305,YM UBERTY,IMO9337444,A8OR4,70,0,333.0,42.0,14.5,71,A
636013689,2021-11-21 15:55:24,40.67702,-74.1408,4.9,128.1,307,YM UBERTY,IMO9337444,A8OR4,70,0,333.0,42.0,14.5,71,A
636013689,2021-11-21 15:56:33,40.676,-74.1392,5.0,130.1,310,YM UBERTY,IMO9337444,A8OR4,70,0,333.0,42.0,14.5,71,A
636013689,2021-11-21 15:57:34,40.67503,-74.13778,5.2,133.0,310,YM UBERTY,IMO9337444,A8OR4,70,0,333.0,42.0,14.5,71,A
636013689,2021-11-21 15:58:43,40.67407,-74.13618000000002,5.1,137.4,304,YM UBERTY,IMO9337444,A8OR4,70,0,333.0,42.0,14.5,71,A
636013689,2021-11-21 15:59:54,40.67342,-74.13502,2.6,135.4,300,YM UBERTY,IMO9337444,A8OR4,70,0,333.0,42.0,14.5,71,A
636013689,2021-11-21 16:00:04,40.67337,-74.13492,2.2,137.5,299,YM UBERTY,IMO9337444,A8OR4,70,0,333.0,42.0,14.5,71,A
636013689,2021-11-21 16:01:13,40.6734,-74.13495,1.4,218.3,287,YM UBERTY,IMO9337444,A8OR4,70,0,333.0,42.0,14.5,71,A
636013689,2021-11-21 16:02:17,40.67365,-74.13528000000002,2.2,201.0,264,YM UBERTY,IMO9337444,A8OR4,70,0,333.0,42.0,14.5,71,A
636013689,2021-11-21 16:03:20,40.67377000000001,-74.13568000000002,2.1,173.7,240,YM UBERTY,IMO9337444,A8OR4,70,0,333.0,42.0,14.5,71,A
636013689,2021-11-21 16:04:21,40.67368,-74.13605,2.0,154.9,221,YM UBERTY,IMO9337444,A8OR4,70,0,333.0,42.0,14.5,71,A
636013689,2021-11-21 16:05:24,40.67332,-74.13645,2.1,187.0,210,YM UBERTY,IMO9337444,A8OR4,70,0,333.0,42.0,14.5,71,A
636013689,2021-11-21 16:06:34,40.67225,-74.13717,4.7,200.0,205,YM UBERTY,IMO9337444,A8OR4,70,0,333.0,42.0,14.5,71,A
636013689,2021-11-21 16:07:43,40.6704,-74.13821999999998,6.9,199.3,203,YM UBERTY,IMO9337444,A8OR4,70,0,333.0,42.0,14.5,71,A
636013689,2021-11-21 16:08:54,40.66797,-74.13958000000002,8.9,210.0,203,YM UBERTY,IMO9337444,A8OR4,70,0,333.0,42.0,14.5,71,A
636013689,2021-11-21 16:10:03,40.6653,-74.14108,9.4,209.7,203,YM UBERTY,IMO9337444,A8OR4,70,0,333.0,42.0,14.5,71,A
636013689,2021-11-21 16:11:13,40.6626,-74.14256999999998,9.3,204.9,203,YM UBERTY,IMO9337444,A8OR4,70,0,333.0,42.0,14.5,71,A
636013689,2021-11-21 16:12:24,40.65988,-74.14403,9.1,202.7,203,YM UBERTY,IMO9337444,A8OR4,70,0,333.0,42.0,14.5,71,A
636013689,2021-11-21 16:13:33,40.65733,-74.14542,8.7,206.1,203,YM UBERTY,IMO9337444,A8OR4,70,0,333.0,42.0,14.5,71,A
636013689,2021-11-21 16:14:44,40.65477,-74.1467,8.5,210.9,207,YM UBERTY,IMO9337444,A8OR4,70,0,333.0,42.0,14.5,71,A
636013689,2021-11-21 16:15:53,40.65243,-74.14811999999998,8.2,215.3,215,YM UBERTY,IMO9337444,A8OR4,70,0,333.0,42.0,14.5,71,A
636013689,2021-11-21 16:16:54,40.65062,-74.14967,7.7,215.2,215,YM UBERTY,IMO9337444,A8OR4,70,0,333.0,42.0,14.5,71,A
636013689,2021-11-21 16:18:04,40.64862,-74.15153000000002,7.7,191.6,198,YM UBERTY,IMO9337444,A8OR4,70,0,333.0,42.0,14.5,71,A
636013689,2021-11-21 16:19:07,40.64653,-74.15255,7.6,158.8,170,YM UBERTY,IMO9337444,A8OR4,70,0,333.0,42.0,14.5,71,A
636013689,2021-11-21 16:20:10,40.64435,-74.15215,7.4,124.2,136,YM UBERTY,IMO9337444,A8OR4,70,0,333.0,42.0,14.5,71,A
636013689,2021-11-21 16:21:14,40.64272,-74.15023000000002,7.3,106.2,111,YM UBERTY,IMO9337444,A8OR4,70,0,333.0,42.0,14.5,71,A
636013689,2021-11-21 16:22:24,40.64173,-74.14708,8.4,95.1,92,YM UBERTY,IMO9337444,A8OR4,70,0,333.0,42.0,14.5,71,A
636013689,2021-11-21 16:23:34,40.64158,-74.14336999999998,8.6,79.7,78,YM UBERTY,IMO9337444,A8OR4,70,0,333.0,42.0,14.5,71,A
636013689,2021-11-21 16:24:44,40.64213,-74.13988,8.7,85.7,79,YM UBERTY,IMO9337444,A8OR4,70,0,333.0,42.0,14.5,71,A
636013689,2021-11-21 16:25:53,40.64272,-74.13642,8.7,90.4,87,YM UBERTY,IMO9337444,A8OR4,70,0,333.0,42.0,14.5,71,A
636013689,2021-11-21 16:26:54,40.64292,-74.13332,8.6,91.4,88,YM UBERTY,IMO9337444,A8OR4,70,0,333.0,42.0,14.5,71,A
636013689,2021-11-21 16:28:03,40.643,-74.12978000000003,8.7,93.2,87,YM UBERTY,IMO9337444,A8OR4,70,0,333.0,42.0,14.5,71,A
636013689,2021-11-21 16:29:13,40.64307,-74.12617,8.7,82.7,81,YM UBERTY,IMO9337444,A8OR4,70,0,333.0,42.0,14.5,71,A
636013689,2021-11-21 16:30:24,40.64347,-74.12258,8.4,72.4,72,YM UBERTY,IMO9337444,A8OR4,70,0,333.0,42.0,14.5,71,A
636013689,2021-11-21 16:31:33,40.64423,-74.11928,8.5,65.9,66,YM UBERTY,IMO9337444,A8OR4,70,0,333.0,42.0,14.5,71,A
636013689,2021-11-21 16:32:44,40.6453,-74.11601999999998,8.6,71.3,67,YM UBERTY,IMO9337444,A8OR4,70,0,333.0,42.0,14.5,71,A
636013689,2021-11-21 16:33:54,40.64643,-74.11283,8.5,84.2,76,YM UBERTY,IMO9337444,A8OR4,70,0,333.0,42.0,14.5,71,A
636013689,2021-11-21 16:35:04,40.6472,-74.10955,8.3,100.0,91,YM UBERTY,IMO9337444,A8OR4,70,0,333.0,42.0,14.5,71,A
636013689,2021-11-21 16:36:13,40.6473,-74.10618000000002,8.2,97.6,94,YM UBERTY,IMO9337444,A8OR4,70,0,333.0,42.0,14.5,71,A
636013689,2021-11-21 16:37:25,40.64715,-74.1027,8.3,97.3,94,YM UBERTY,IMO9337444,A8OR4,70,0,333.0,42.0,14.5,71,A
636013689,2021-11-21 16:38:33,40.6469,-74.09938000000002,8.1,83.7,87,YM UBERTY,IMO9337444,A8OR4,70,0,333.0,42.0,14.5,71,A
636013689,2021-11-21 16:39:44,40.64687,-74.09602,7.9,68.0,68,YM UBERTY,IMO9337444,A8OR4,70,0,333.0,42.0,14.5,71,A
636013689,2021-11-21 16:40:54,40.6476,-74.09293000000002,7.7,60.5,58,YM UBERTY,IMO9337444,A8OR4,70,0,333.0,42.0,14.5,71,A
636013689,2021-11-21 16:42:04,40.64887,-74.09017,8.3,67.9,61,YM UBERTY,IMO9337444,A8OR4,70,0,333.0,42.0,14.5,71,A
636013689,2021-11-21 16:43:13,40.65032,-74.08702,8.9,82.7,76,YM UBERTY,IMO9337444,A8OR4,70,0,333.0,42.0,14.5,71,A
636013689,2021-11-21 16:44:24,40.65115,-74.08341999999998,8.7,99.5,95,YM UBERTY,IMO9337444,A8OR4,70,0,333.0,42.0,14.5,71,A
636013689,2021-11-21 16:45:33,40.65103,-74.0797,9.5,101.6,102,YM UBERTY,IMO9337444,A8OR4,70,0,333.0,42.0,14.5,71,A
636013689,2021-11-21 16:46:44,40.65033,-74.07542,10.8,111.7,110,YM UBERTY,IMO9337444,A8OR4,70,0,333.0,42.0,14.5,71,A
636013689,2021-11-21 16:47:54,40.6491,-74.07098,11.8,109.8,110,YM UBERTY,IMO9337444,A8OR4,70,0,333.0,42.0,14.5,71,A
636013689,2021-11-21 16:49:03,40.64777,-74.06638000000002,12.4,126.3,122,YM UBERTY,IMO9337444,A8OR4,70,0,333.0,42.0,14.5,71,A
636013689,2021-11-21 16:50:13,40.64557,-74.0621,12.6,140.8,138,YM UBERTY,IMO9337444,A8OR4,70,0,333.0,42.0,14.5,71,A
636013689,2021-11-21 16:51:25,40.64245,-74.05875,12.7,166.7,160,YM UBERTY,IMO9337444,A8OR4,70,0,333.0,42.0,14.5,71,A
636013689,2021-11-21 16:52:34,40.63872,-74.05708,12.9,163.2,164,YM UBERTY,IMO9337444,A8OR4,70,0,333.0,42.0,14.5,71,A
636013689,2021-11-21 16:53:44,40.6348,-74.05573000000003,13.5,169.5,164,YM UBERTY,IMO9337444,A8OR4,70,0,333.0,42.0,14.5,71,A
636013689,2021-11-21 16:54:54,40.63077,-74.05436999999998,13.3,170.1,164,YM UBERTY,IMO9337444,A8OR4,70,0,333.0,42.0,14.5,71,A
636013689,2021-11-21 16:56:03,40.62672,-74.05298,13.6,166.9,164,YM UBERTY,IMO9337444,A8OR4,70,0,333.0,42.0,14.5,71,A
636013689,2021-11-21 16:57:05,40.62287,-74.05165,14.7,164.9,164,YM UBERTY,IMO9337444,A8OR4,70,0,333.0,42.0,14.5,71,A
636013689,2021-11-21 16:58:12,40.61853,-74.05008000000002,15.7,168.6,164,YM UBERTY,IMO9337444,A8OR4,70,0,333.0,42.0,14.5,71,A
636013689,2021-11-21 16:59:18,40.6139,-74.04835,16.2,166.9,164,YM UBERTY,IMO9337444,A8OR4,70,0,333.0,42.0,14.5,71,A
636013689,2021-11-21 17:00:00,40.61092,-74.0472,16.5,165.8,164,YM UBERTY,IMO9337444,A8OR4,70,0,333.0,42.0,14.5,71,A
636013689,2021-11-21 17:01:05,40.60625,-74.04533,16.6,164.3,164,YM UBERTY,IMO9337444,A8OR4,70,0,333.0,42.0,14.5,71,A
636013689,2021-11-21 17:02:12,40.6014,-74.0434,17.4,164.2,164,YM UBERTY,IMO9337444,A8OR4,70,0,333.0,42.0,14.5,71,A
636013689,2021-11-21 17:03:18,40.59622,-74.0414,17.9,163.0,164,YM UBERTY,IMO9337444,A8OR4,70,0,333.0,42.0,14.5,71,A
636013689,2021-11-21 17:04:24,40.59098,-74.03938000000002,18.4,165.2,164,YM UBERTY,IMO9337444,A8OR4,70,0,333.0,42.0,14.5,71,A
636013689,2021-11-21 17:05:29,40.58568,-74.03745,18.7,169.3,168,YM UBERTY,IMO9337444,A8OR4,70,0,333.0,42.0,14.5,71,A
636013689,2021-11-21 17:06:30,40.58068,-74.03603000000003,18.8,169.5,170,YM UBERTY,IMO9337444,A8OR4,70,0,333.0,42.0,14.5,71,A
636013689,2021-11-21 17:07:36,40.57512,-74.03457,19.0,170.5,169,YM UBERTY,IMO9337444,A8OR4,70,0,333.0,42.0,14.5,71,A
